data_rate,service_type,p_fitness,dist,cores,data_quality,model_size,rep
0.016666666666666666,elastic-workbench-qr-detector,0.67,120.0,5.80370324567995,1000.0,-1.0,1
0.016666666666666666,elastic-workbench-cv-analyzer,0.8958031409103726,1.5337423312883436,1.0,270.2773628495545,3.001798365849043,1
0.016666666666666666,elastic-workbench-pc-visualizer,0.8958031409103726,200.0,1.0,42.01944328032837,-1.0,1
0.016666666666666666,elastic-workbench-qr-detector,0.9500000000000001,120.0,5.63746446839551,819.1854468444428,-1.0,1
0.016666666666666666,elastic-workbench-cv-analyzer,0.9500000000000001,1.5337423312883436,7.3922989624007425,227.66531838795262,3.291733622292514,1
0.016666666666666666,elastic-workbench-pc-visualizer,0.9500000000000001,200.0,4.773993688070058,55.99375326163952,-1.0,1
0.016666666666666666,elastic-workbench-qr-detector,0.7158267479373799,120.0,1.0,646.4451608750232,-1.0,1
0.016666666666666666,elastic-workbench-cv-analyzer,0.7158267479373799,1.5337423312883436,1.0,241.67766170061793,4.0,1
0.016666666666666666,elastic-workbench-pc-visualizer,0.1,200.0,6.717413568620034,44.17161864232815,-1.0,1
0.016666666666666666,elastic-workbench-qr-detector,0.9842125971076323,120.0,1.0,581.3837215831642,-1.0,1
0.016666666666666666,elastic-workbench-cv-analyzer,0.95,1.5337423312883436,7.312802131116085,241.73682116080946,3.2699138514565544,1
0.016666666666666666,elastic-workbench-pc-visualizer,0.9842125971076323,200.0,1.0,38.3052096910294,-1.0,1
0.03333333333333333,elastic-workbench-qr-detector,0.6263084273775434,112.9204231481468,5.7593406530678175,564.4543159690081,-1.0,1
0.03333333333333333,elastic-workbench-cv-analyzer,0.9755555555555557,8.222077105193922,1.0,320.0,3.237224744232397,1
0.03333333333333333,elastic-workbench-pc-visualizer,0.8958031409103726,200.0,1.0,49.90399310380812,-1.0,1
0.03333333333333333,elastic-workbench-qr-detector,0.9770838751200016,119.58384039649405,1.0,550.8569953930062,-1.0,1
0.03333333333333333,elastic-workbench-cv-analyzer,0.9962962962962963,8.222061916918733,1.0000000000000029,319.99999999999994,3.417681546485211,1
0.03333333333333333,elastic-workbench-pc-visualizer,0.9842125971076322,200.0,1.0,49.366264879145376,-1.0,1
0.03333333333333333,elastic-workbench-qr-detector,0.09339585140172052,112.71244341883835,7.305834485675839,564.8758421493342,-1.0,1
0.03333333333333333,elastic-workbench-cv-analyzer,0.9333333333333336,7.179634590906563,1.0,307.02221281603795,4.0,1
0.03333333333333333,elastic-workbench-pc-visualizer,0.7158267479373799,200.0,1.0,49.029857773540996,-1.0,1
0.03333333333333333,elastic-workbench-qr-detector,0.8717396993320998,104.72342205532888,5.982097869193833,580.7354178082337,-1.0,1
0.03333333333333333,elastic-workbench-cv-analyzer,0.9962962962962962,8.222050022121255,1.0,319.99999999999994,3.5589983786048087,1
0.03333333333333333,elastic-workbench-pc-visualizer,0.95,200.0,2.7670197573033444,60.0,-1.0,1
0.05,elastic-workbench-qr-detector,0.7506364962934362,108.16565151644774,1.7537982311429652,1000.0,-1.0,1
0.05,elastic-workbench-cv-analyzer,0.9755555555555557,9.447051764291412,1.0,302.2176434740717,3.1508068350225367,1
0.05,elastic-workbench-pc-visualizer,0.9144444444444435,200.0,1.0000000000000067,60.0,-1.0,1
0.05,elastic-workbench-qr-detector,0.9500000000000001,382.7555841233903,5.487692997597425,723.0354147861582,-1.0,1
0.05,elastic-workbench-cv-analyzer,0.9962962962962963,11.548957152967885,1.0,320.0,3.000323201904629,1
0.05,elastic-workbench-pc-visualizer,0.987037037037037,200.0,1.0,59.9999999999999,-1.0,1
0.05,elastic-workbench-qr-detector,0.6716603512840977,25.547143328559926,1.0,891.9986811377776,-1.0,1
0.05,elastic-workbench-cv-analyzer,0.9333333333333336,11.246406853589308,1.0,320.0,3.3096624603788563,1
0.05,elastic-workbench-pc-visualizer,0.7666666666665009,200.0,1.0000000000004148,58.35854082949413,-1.0,1
0.05,elastic-workbench-qr-detector,0.95,163.96237179797703,2.7476990562427783,724.6977498682213,-1.0,1
0.05,elastic-workbench-cv-analyzer,0.9962962962962962,9.547404362567168,1.0,305.1672605698236,3.38164223673268,1
0.05,elastic-workbench-pc-visualizer,0.9870370370370369,200.0,1.0000000000000016,59.99999999999997,-1.0,1
0.06666666666666667,elastic-workbench-qr-detector,0.8046802550190433,862.7581602106818,1.0,1000.0,-1.0,1
0.06666666666666667,elastic-workbench-cv-analyzer,0.8725430686000751,5.433082544456173,1.0,320.0,1.5094688154874567,1
0.06666666666666667,elastic-workbench-pc-visualizer,0.9144444444444446,200.0,1.0,58.14027995000114,-1.0,1
0.06666666666666667,elastic-workbench-qr-detector,0.9501180541826838,1661.5599646392193,1.0,146.54433038109192,-1.0,1
0.06666666666666667,elastic-workbench-cv-analyzer,0.949989665155018,6.408079414222424,8.0,320.0,2.965183339281359,1
0.06666666666666667,elastic-workbench-pc-visualizer,0.9500000000000001,200.0,7.348888794710447,60.0,-1.0,1
0.06666666666666667,elastic-workbench-qr-detector,0.8827235669145653,862.7581602106818,1.0,1000.0,-1.0,1
0.06666666666666667,elastic-workbench-cv-analyzer,0.9178236281049327,5.396258544154178,1.0000000000000004,319.9999999999998,1.5278269789052454,1
0.06666666666666667,elastic-workbench-pc-visualizer,0.1,200.0,7.155060144619631,56.10286282693537,-1.0,1
0.06666666666666667,elastic-workbench-qr-detector,0.9432515894760617,1517.8487875227563,8.0,1000.0,-1.0,1
0.06666666666666667,elastic-workbench-cv-analyzer,0.9499375802713956,6.370533006854504,8.0,320.0,2.983893940844866,1
0.06666666666666667,elastic-workbench-pc-visualizer,0.9870370370370372,200.0,1.0,60.0,-1.0,1
0.08333333333333333,elastic-workbench-qr-detector,0.6436236422755818,232.092609353459,1.0,1000.0,-1.0,1
0.08333333333333333,elastic-workbench-cv-analyzer,0.67,6.420856855806727,8.0,297.011547264768,3.161689418865383,1
0.08333333333333333,elastic-workbench-pc-visualizer,0.9144444444444446,200.0,1.0,59.30135697138154,-1.0,1
0.08333333333333333,elastic-workbench-qr-detector,0.9318432200717226,1651.2968634179647,8.0,550.7865966654001,-1.0,1
0.08333333333333333,elastic-workbench-cv-analyzer,0.9500000000000001,6.6158453930149825,8.0,301.06652961836005,3.0469028218180814,1
0.08333333333333333,elastic-workbench-pc-visualizer,0.987037037037037,200.0,1.0,58.905497137904355,-1.0,1
0.08333333333333333,elastic-workbench-qr-detector,0.8590387709228796,232.092609353459,1.0000000000000002,1000.0,-1.0,1
0.08333333333333333,elastic-workbench-cv-analyzer,0.8849779650926081,3.083060367765041,1.0,228.13040010279354,1.0,1
0.08333333333333333,elastic-workbench-pc-visualizer,0.7666666666666668,200.0,1.0,60.0,-1.0,1
0.08333333333333333,elastic-workbench-qr-detector,0.8575847505252431,1077.7600303332256,8.0,870.4380958547366,-1.0,1
0.08333333333333333,elastic-workbench-cv-analyzer,0.95,6.603173294520218,7.988108310335923,298.0604642224823,3.065990733540991,1
0.08333333333333333,elastic-workbench-pc-visualizer,0.95,200.0,4.093097146218941,60.0,-1.0,1
0.1,elastic-workbench-qr-detector,0.645860556090396,246.944457823584,1.0,1000.0,-1.0,1
0.1,elastic-workbench-cv-analyzer,0.660484844109211,4.81076995364619,2.803475849299573,248.8001165731388,1.0000000000000004,1
0.1,elastic-workbench-pc-visualizer,0.9755555555555557,200.0,1.0,60.0,-1.0,1
0.1,elastic-workbench-qr-detector,0.9249314902923422,1654.5829708172068,7.999999999999993,463.3970236439621,-1.0,1
0.1,elastic-workbench-cv-analyzer,0.9493774421795454,6.396399786067482,8.0,314.8946748699691,2.7206439135062244,1
0.1,elastic-workbench-pc-visualizer,0.9962962962962963,200.0,1.0000000000000004,56.013856766436206,-1.0,1
0.1,elastic-workbench-qr-detector,0.8593677288368229,246.944457823584,1.0000000000000004,1000.0,-1.0,1
0.1,elastic-workbench-cv-analyzer,0.8769753201151894,2.5837974833843576,1.0,212.37589326708093,1.0000000000000187,1
0.1,elastic-workbench-pc-visualizer,0.9333333333333336,200.0,1.0,60.0,-1.0,1
0.1,elastic-workbench-qr-detector,0.7505648139633142,751.4448773430756,7.999999999999995,810.5362875488983,-1.0,1
0.1,elastic-workbench-cv-analyzer,0.9451293294666122,6.098740581776363,8.0,314.00794835665704,2.8358056746629563,1
0.1,elastic-workbench-pc-visualizer,0.9962962962962962,200.0,1.0000000000000009,59.999999999999986,-1.0,1
0.11666666666666667,elastic-workbench-qr-detector,0.67,5563.0805791910625,7.999999999999992,999.9999999999995,-1.0,1
0.11666666666666667,elastic-workbench-cv-analyzer,0.6755701108396416,5.2726823813750645,3.0567728650476536,288.6279655811107,1.0,1
0.11666666666666667,elastic-workbench-pc-visualizer,0.9046479693228461,235.31510909629893,1.0,60.0,-1.0,1
0.11666666666666667,elastic-workbench-qr-detector,0.9500000000000001,3075.4270644585013,6.2552160354783615,1000.0,-1.0,1
0.11666666666666667,elastic-workbench-cv-analyzer,0.9471880667650514,6.353633314709501,3.7327323776470496,306.79648087137195,1.0,1
0.11666666666666667,elastic-workbench-pc-visualizer,0.9238096383575048,324.3423769322433,3.068834573948878,6.0,-1.0,1
0.11666666666666667,elastic-workbench-qr-detector,0.8590366601613049,1581.063828102864,1.0,139.344096392776,-1.0,1
0.11666666666666667,elastic-workbench-cv-analyzer,0.8706351240280226,2.0861648800043673,1.0000000000000036,211.34788161380925,1.0000000000000515,1
0.11666666666666667,elastic-workbench-pc-visualizer,0.922905747122641,235.31510909629893,1.0,60.0,-1.0,1
0.11666666666666667,elastic-workbench-qr-detector,0.95,5563.080579191077,8.0,1000.0,-1.0,1
0.11666666666666667,elastic-workbench-cv-analyzer,0.9286752960080387,5.68815553495719,7.381756505855654,320.0,2.67268959087231,1
0.11666666666666667,elastic-workbench-pc-visualizer,0.9337307790321407,235.3151090962989,1.0,59.999999999999986,-1.0,1
0.13333333333333333,elastic-workbench-qr-detector,0.67,2524.717142309485,6.478932908971739,1000.0,-1.0,1
0.13333333333333333,elastic-workbench-cv-analyzer,0.9322169791314419,6.0753621718244695,1.6553071103908832,320.0,2.736178151462301,1
0.13333333333333333,elastic-workbench-pc-visualizer,0.9065535896635806,236.82189707794174,1.0,60.0,-1.0,1
0.13333333333333333,elastic-workbench-qr-detector,0.9500000000000001,3311.3703691634937,7.1878627669197535,1000.0,-1.0,1
0.13333333333333333,elastic-workbench-cv-analyzer,0.9893428392711876,6.389782828766997,1.7311165332974587,320.0,2.736457018579181,1
0.13333333333333333,elastic-workbench-pc-visualizer,0.9220109960568563,329.3642505029685,7.999999999999998,26.048615747064833,-1.0,1
0.13333333333333333,elastic-workbench-qr-detector,0.8565879319425345,59.71078427666623,1.0,1000.0,-1.0,1
0.13333333333333333,elastic-workbench-cv-analyzer,0.9123865441729537,3.8485680006787675,1.0000000000000202,320.0,2.3083356040400735,1
0.13333333333333333,elastic-workbench-pc-visualizer,0.9231859854080431,236.82189707794174,1.0,60.0,-1.0,1
0.13333333333333333,elastic-workbench-qr-detector,0.95,1819.33603319435,5.7405685330731995,1000.0,-1.0,1
0.13333333333333333,elastic-workbench-cv-analyzer,0.9886875826588485,6.354457097947467,1.8342628574524609,320.0,2.9722480480627222,1
0.13333333333333333,elastic-workbench-pc-visualizer,0.9354122087445536,236.82189707794174,1.0,60.0,-1.0,1
0.15,elastic-workbench-qr-detector,0.67,1666.7311993826734,7.969177574566623,932.0467534303795,-1.0,1
0.15,elastic-workbench-cv-analyzer,0.7166634032732964,4.700155357566251,2.2274437883634794,128.0000000000002,2.4549640440702825,1
0.15,elastic-workbench-pc-visualizer,0.911634785974984,240.91039008404053,1.0,60.0,-1.0,1
0.15,elastic-workbench-qr-detector,0.9500000000000001,1683.9077839550328,8.0,932.3805198976818,-1.0,1
0.15,elastic-workbench-cv-analyzer,0.9519558646736949,6.3495705295802525,4.752406324097521,320.0,2.3065177224013107,1
0.15,elastic-workbench-pc-visualizer,0.946682525510384,326.21811312490945,1.0,6.0,-1.0,1
0.15,elastic-workbench-qr-detector,0.857118699135918,118.19345935317108,1.0,999.9999999999999,-1.0,1
0.15,elastic-workbench-cv-analyzer,0.8856072186654337,2.9933096423606367,1.0,128.00000000000014,2.229873356054929,1
0.15,elastic-workbench-pc-visualizer,0.92393322015972,240.91039008404053,1.0,60.0,-1.0,1
0.15,elastic-workbench-qr-detector,0.95,1666.6905472952653,7.975108214803547,935.448546170042,-1.0,1
0.15,elastic-workbench-cv-analyzer,0.95,6.448772305916668,6.389440569373046,320.0,3.0043386411123976,1
0.15,elastic-workbench-pc-visualizer,0.9398956172546156,240.91039008404064,1.0000000000000009,60.0,-1.0,1
0.16666666666666666,elastic-workbench-qr-detector,0.67,2715.316021737269,7.999999999999996,942.7973717260265,-1.0,1
0.16666666666666666,elastic-workbench-cv-analyzer,0.9755555555555557,124.02022728748342,1.0,320.0,3.720515245897249,1
0.16666666666666666,elastic-workbench-pc-visualizer,0.909688290427286,239.33147129194785,1.0,60.0,-1.0,1
0.16666666666666666,elastic-workbench-qr-detector,0.9500000000000001,2724.1770126669494,8.0,1000.0,-1.0,1
0.16666666666666666,elastic-workbench-cv-analyzer,0.9962962962962963,132.99516910541544,1.0000000000000004,320.0,3.9999999999999996,1
0.16666666666666666,elastic-workbench-pc-visualizer,0.9469265068665687,326.9789092811194,1.0,6.0,-1.0,1
0.16666666666666666,elastic-workbench-qr-detector,0.8310830865758079,790.6235301753596,1.0,100.0,-1.0,1
0.16666666666666666,elastic-workbench-cv-analyzer,0.9333333333333336,105.92740770057678,1.0,319.19154018942504,3.227580718588122,1
0.16666666666666666,elastic-workbench-pc-visualizer,0.9236469708144703,239.33147129194785,1.0,60.0,-1.0,1
0.16666666666666666,elastic-workbench-qr-detector,0.95,2724.1770126669485,7.999999999999999,1000.0,-1.0,1
0.16666666666666666,elastic-workbench-cv-analyzer,0.9962962962962962,107.09571502237205,1.0000000000000002,320.0,3.235374199953407,1
0.16666666666666666,elastic-workbench-pc-visualizer,0.9381781211831172,239.33147129194785,1.0000000000000002,60.0,-1.0,1
0.18333333333333332,elastic-workbench-qr-detector,0.67,1745.6843878632653,6.161576987975501,956.1666649967674,-1.0,1
0.18333333333333332,elastic-workbench-cv-analyzer,0.7186333145340036,4.996514689691118,2.353332051699847,128.0,2.3487555055338283,1
0.18333333333333332,elastic-workbench-pc-visualizer,0.9104447107832161,239.94310896610858,1.0,60.0,-1.0,1
0.18333333333333332,elastic-workbench-qr-detector,0.9500000000000001,3492.4275978463584,8.0,999.9999999999992,-1.0,1
0.18333333333333332,elastic-workbench-cv-analyzer,0.9510373575136439,6.331761842554656,3.197492631184026,128.0,2.1443373312521463,1
0.18333333333333332,elastic-workbench-pc-visualizer,0.9472183126365029,328.02712260522424,1.0,6.000000000000001,-1.0,1
0.18333333333333332,elastic-workbench-qr-detector,0.8575213533600373,148.58668098351473,1.0,1000.0,-1.0,1
0.18333333333333332,elastic-workbench-cv-analyzer,0.8839338015953535,2.715469399700969,1.0,128.0,2.404983112737205,1
0.18333333333333332,elastic-workbench-pc-visualizer,0.9237582091021072,239.94310896610847,1.0,59.999999999999986,-1.0,1
0.18333333333333332,elastic-workbench-qr-detector,0.95,3492.42759784636,8.0,1000.0,-1.0,1
0.18333333333333332,elastic-workbench-cv-analyzer,0.9150468504172166,5.670024993637874,7.0494139530708715,320.0,2.502200161544085,1
0.18333333333333332,elastic-workbench-pc-visualizer,0.938845550908938,239.94310896610858,1.0,59.99999999999999,-1.0,1
0.2,elastic-workbench-qr-detector,0.6335408736925692,150.9409611502524,1.0000000000000013,1000.0,-1.0,1
0.2,elastic-workbench-cv-analyzer,0.6934391819042462,5.370061297761519,2.6847925236974275,128.0,2.0819916615982024,1
0.2,elastic-workbench-pc-visualizer,0.916932522182841,245.2955471273537,1.0000000000000049,60.0,-1.0,1
0.2,elastic-workbench-qr-detector,0.9500000000000001,3383.490915055521,7.9999999999999964,986.7897909277009,-1.0,1
0.2,elastic-workbench-cv-analyzer,0.9506429993180601,6.3597701578561825,3.016774878009828,128.0,1.8822006590598637,1
0.2,elastic-workbench-pc-visualizer,0.9182795804612978,329.6195210269786,8.0,23.182954198345673,-1.0,1
0.2,elastic-workbench-qr-detector,0.8575560108371426,150.94096115025104,1.0,999.9999999999998,-1.0,1
0.2,elastic-workbench-cv-analyzer,0.8754799407451812,1.7017099317673385,1.0,128.0,2.7756200080526066,1
0.2,elastic-workbench-pc-visualizer,0.9247122990138168,245.2955471273538,1.0,59.999999999999986,-1.0,1
0.2,elastic-workbench-qr-detector,0.95,3404.7324375831913,7.999999999999985,999.9999999999986,-1.0,1
0.2,elastic-workbench-cv-analyzer,0.9007669678306947,5.882208079366411,8.0,303.78875441043874,2.330669345540051,1
0.2,elastic-workbench-pc-visualizer,0.9445700903791956,245.2955471273538,1.0,59.99999999999999,-1.0,1
0.21666666666666667,elastic-workbench-qr-detector,0.67,2719.0433634122046,7.999999999999985,999.9999999999978,-1.0,1
0.21666666666666667,elastic-workbench-cv-analyzer,0.7918601402019636,3.032822755382557,1.0000000006318228,319.9999999511068,3.999999998119849,1
0.21666666666666667,elastic-workbench-pc-visualizer,0.8720461940938276,211.18323546469833,1.0,60.0,-1.0,1
0.21666666666666667,elastic-workbench-qr-detector,0.9500000000000001,2665.8899112811614,7.9999999999999964,933.6560990925184,-1.0,1
0.21666666666666667,elastic-workbench-cv-analyzer,0.9518859443119166,6.378544517735038,2.843929115327694,212.69230033163635,1.0,1
0.21666666666666667,elastic-workbench-pc-visualizer,0.921986294841406,322.03136429828044,3.11044334821666,6.0,-1.0,1
0.21666666666666667,elastic-workbench-qr-detector,0.8576795974057876,159.0803532150046,1.0,999.9999999999995,-1.0,1
0.21666666666666667,elastic-workbench-cv-analyzer,0.9063193017410055,3.032822761645039,1.0,320.0,4.0,1
0.21666666666666667,elastic-workbench-pc-visualizer,0.9181113684124912,211.18323546469833,1.0,60.0,-1.0,1
0.21666666666666667,elastic-workbench-qr-detector,0.95,2719.0433634122196,8.0,1000.0,-1.0,1
0.21666666666666667,elastic-workbench-cv-analyzer,0.9071337496228229,6.093104103978922,8.0,284.13914517108446,2.4380297299772273,1
0.21666666666666667,elastic-workbench-pc-visualizer,0.9049645067712422,211.18323546469833,1.0,59.99999999999999,-1.0,1
0.23333333333333334,elastic-workbench-qr-detector,0.67,2727.334505883341,7.999999999998926,999.9999999999358,-1.0,1
0.23333333333333334,elastic-workbench-cv-analyzer,0.6779437428020422,5.474125498490819,2.769025573581456,128.0,1.9060811404269784,1
0.23333333333333334,elastic-workbench-pc-visualizer,0.7773950297462843,222.27801696204818,1.0,60.0,-1.0,1
0.23333333333333334,elastic-workbench-qr-detector,0.9500000000000001,2727.334505884346,8.0,999.9999999999998,-1.0,1
0.23333333333333334,elastic-workbench-cv-analyzer,0.9488308297794593,6.366287057377187,2.9528726590598504,128.00000000000006,1.6624813287016331,1
0.23333333333333334,elastic-workbench-pc-visualizer,0.9411501482571967,474.95880789996875,1.0000000000000004,6.0,-1.0,1
0.23333333333333334,elastic-workbench-qr-detector,0.8576886942515913,159.6647453402336,1.0000000000000033,999.9999999999994,-1.0,1
0.23333333333333334,elastic-workbench-cv-analyzer,0.8920873295674582,1.707611980925444,1.0,320.0,4.0,1
0.23333333333333334,elastic-workbench-pc-visualizer,0.9041920795378524,222.27801696204818,1.0,60.0,-1.0,1
0.23333333333333334,elastic-workbench-qr-detector,0.95,2727.334505884345,7.999999999999999,999.9999999999995,-1.0,1
0.23333333333333334,elastic-workbench-cv-analyzer,0.9028377860474273,5.843578344083962,8.0,302.13438081565516,2.3613618974304376,1
0.23333333333333334,elastic-workbench-pc-visualizer,0.8310694705084075,284.74534556527504,7.999999999999998,59.99999999999999,-1.0,1
0.25,elastic-workbench-qr-detector,0.67,1898.1977734644775,7.999999999999998,1000.0,-1.0,1
0.25,elastic-workbench-cv-analyzer,0.6737643586948221,5.415204506418678,2.800445568627647,128.0,1.9165443958517332,1
0.25,elastic-workbench-pc-visualizer,0.7701184816671538,215.02968537090385,1.0,59.99999999999999,-1.0,1
0.25,elastic-workbench-qr-detector,0.9500000000000001,1898.1977734644756,7.9999999999999964,999.999999999998,-1.0,1
0.25,elastic-workbench-cv-analyzer,0.9479220259589104,6.364739865236526,3.0404332584451312,128.00000000000182,1.6782576655804289,1
0.25,elastic-workbench-pc-visualizer,0.939684709377503,472.24535677057554,1.0000000000000042,6.000000000000001,-1.0,1
0.25,elastic-workbench-qr-detector,0.8583686624109647,199.02268474570678,1.0000000000000004,999.9999999999995,-1.0,1
0.25,elastic-workbench-cv-analyzer,0.8883055978103144,1.251360913235267,1.0,320.0,3.999999999999999,1
0.25,elastic-workbench-pc-visualizer,0.9031219989379803,215.02968537090368,1.0,59.99999999999998,-1.0,1
0.25,elastic-workbench-qr-detector,0.95,1898.1977734644788,8.0,1000.0,-1.0,1
0.25,elastic-workbench-cv-analyzer,0.9067371974601204,5.827698416547565,8.0,303.4085296942431,2.3978223167885266,1
0.25,elastic-workbench-pc-visualizer,0.8150337683079091,215.41151361464415,1.0468665980244192,60.0,-1.0,1
0.26666666666666666,elastic-workbench-qr-detector,0.67,2189.5451150412778,8.0,962.7946191751225,-1.0,1
0.26666666666666666,elastic-workbench-cv-analyzer,0.6720484851582195,5.388711511449223,2.8144310641267416,128.0,1.923788343512877,1
0.26666666666666666,elastic-workbench-pc-visualizer,0.7701837034931172,215.09490203854102,1.0000000000000004,60.0,-1.0,1
0.26666666666666666,elastic-workbench-qr-detector,0.9500000000000001,2209.9940404682025,7.999999999999999,1000.0,-1.0,1
0.26666666666666666,elastic-workbench-cv-analyzer,0.9475226512371672,6.362631058750648,3.0762325441073224,128.0,1.6831895950740776,1
0.26666666666666666,elastic-workbench-pc-visualizer,0.939738512689589,472.34053189530397,1.0000000000000002,6.0,-1.0,1
0.26666666666666666,elastic-workbench-qr-detector,0.8583403987303719,197.52456431803125,1.0,1000.0,-1.0,1
0.26666666666666666,elastic-workbench-cv-analyzer,0.8868970363923473,1.0466603528730052,1.0,320.0,4.0,1
0.26666666666666666,elastic-workbench-pc-visualizer,0.903131590382975,215.09490203854102,1.0,60.0,-1.0,1
0.26666666666666666,elastic-workbench-qr-detector,0.95,2209.994040468203,8.0,1000.0,-1.0,1
0.26666666666666666,elastic-workbench-cv-analyzer,0.90826573333744,5.819400749035285,8.0,304.3428278777328,2.411989747891186,1
0.26666666666666666,elastic-workbench-pc-visualizer,0.8288534769924353,282.23811187307956,8.0,60.0,-1.0,1
0.2833333333333333,elastic-workbench-qr-detector,0.6571791923763962,256.1448499345589,1.0000000000000002,1000.0,-1.0,1
0.2833333333333333,elastic-workbench-cv-analyzer,0.6860276033952221,1.5576807707479157,1.0000000004968963,320.0,4.0,1
0.2833333333333333,elastic-workbench-pc-visualizer,0.7724721168541192,217.38013972329617,1.0,60.0,-1.0,1
0.2833333333333333,elastic-workbench-qr-detector,0.9067768194755866,1660.628626492352,8.0,216.00227133503427,-1.0,1
0.2833333333333333,elastic-workbench-cv-analyzer,0.9483751113658316,6.366118602032943,2.9877461319536023,128.00000000026154,1.6609532409932124,1
0.2833333333333333,elastic-workbench-pc-visualizer,0.9394128402265649,471.7690552929488,1.0,6.0,-1.0,1
0.2833333333333333,elastic-workbench-qr-detector,0.8865132799246336,256.1448499345589,1.0,1000.0,-1.0,1
0.2833333333333333,elastic-workbench-cv-analyzer,0.8907556933125877,1.557680770687921,1.0,320.0,4.0,1
0.2833333333333333,elastic-workbench-pc-visualizer,0.9034681217595929,217.38013972329617,1.0,60.0,-1.0,1
0.2833333333333333,elastic-workbench-qr-detector,0.7153759758440968,256.1448499345589,1.0,1000.0,-1.0,1
0.2833333333333333,elastic-workbench-cv-analyzer,0.9058548720536901,5.85412153440027,8.0,300.13343663578684,2.3934225150142026,1
0.2833333333333333,elastic-workbench-pc-visualizer,0.8304887002637544,284.0875789969614,8.0,59.99999999999999,-1.0,1
0.3,elastic-workbench-qr-detector,0.6569946056272441,254.98324517606818,1.0,1000.0,-1.0,1
0.3,elastic-workbench-cv-analyzer,0.7067206771392311,5.934376458785011,2.479567096766228,212.02796423188136,1.0,1
0.3,elastic-workbench-pc-visualizer,0.7708545067033122,215.765372857356,1.0,60.0,-1.0,1
0.3,elastic-workbench-qr-detector,0.9068665021063833,1660.5610651395716,8.0,217.57695709306574,-1.0,1
0.3,elastic-workbench-cv-analyzer,0.9962962962962963,7.508457609564494,1.0000000000000004,320.0,3.7835921127307515,1
0.3,elastic-workbench-pc-visualizer,0.9383195003488386,469.92523177144164,1.0,6.0,-1.0,1
0.3,elastic-workbench-qr-detector,0.8864861348144641,254.98324517606773,1.0,999.9999999999997,-1.0,1
0.3,elastic-workbench-cv-analyzer,0.9333333333333336,7.5592555404069,1.0,320.0,3.792136074145548,1
0.3,elastic-workbench-pc-visualizer,0.9032302379138859,215.765372857356,1.0,60.0,-1.0,1
0.3,elastic-workbench-qr-detector,0.7152131051830802,254.98324517606807,1.0000000000000004,999.9999999999999,-1.0,1
0.3,elastic-workbench-cv-analyzer,0.9962962962962962,8.847334419020378,1.0,320.0,4.0,1
0.3,elastic-workbench-pc-visualizer,0.8257326605884677,278.71816411814194,8.0,60.0,-1.0,1
0.31666666666666665,elastic-workbench-qr-detector,0.6573608937817387,257.28410180958224,1.0000000000000087,999.9999999999983,-1.0,1
0.31666666666666665,elastic-workbench-cv-analyzer,0.9755555555555557,8.780520351942945,1.0,320.0,4.0,1
0.31666666666666665,elastic-workbench-pc-visualizer,0.77503246537899,219.93039717988745,1.0,59.999999999999986,-1.0,1
0.31666666666666665,elastic-workbench-qr-detector,0.9074864302393832,1660.0831627993489,7.999999999999998,228.26123423180886,-1.0,1
0.31666666666666665,elastic-workbench-cv-analyzer,0.9548367035564966,6.384978874323794,2.523279738956525,203.01284785414322,1.0,1
0.31666666666666665,elastic-workbench-pc-visualizer,0.8798127792462772,453.8494113918748,7.999999999999999,6.000000000000001,-1.0,1
0.31666666666666665,elastic-workbench-qr-detector,0.8865400007195371,257.2841018095852,1.0,999.9999999999994,-1.0,1
0.31666666666666665,elastic-workbench-cv-analyzer,0.9333333333333336,7.108208041905138,1.0,319.99999999999875,3.7251409819212817,1
0.31666666666666665,elastic-workbench-pc-visualizer,0.9038446436014856,219.93039717988728,1.0,59.99999999999998,-1.0,1
0.31666666666666665,elastic-workbench-qr-detector,0.7155363006135176,257.2841018095859,1.0,1000.0,-1.0,1
0.31666666666666665,elastic-workbench-cv-analyzer,0.9050111484573644,6.155949784836114,8.0,279.177947823875,2.4406605752003347,1
0.31666666666666665,elastic-workbench-pc-visualizer,0.8426413570600774,297.9679281140997,8.0,60.0,-1.0,1
0.3333333333333333,elastic-workbench-qr-detector,0.6559442331679867,248.2886329833425,1.0000000000000016,999.9999999999998,-1.0,1
0.3333333333333333,elastic-workbench-cv-analyzer,0.7066110070698144,5.931153419672728,2.4810327793267763,212.14123706898437,1.0,1
0.3333333333333333,elastic-workbench-pc-visualizer,0.7770445187712911,221.9300461237915,1.0,59.99999999999999,-1.0,1
0.3333333333333333,elastic-workbench-qr-detector,0.9092778932939743,1658.4490211703633,7.999999999999998,257.53309888935627,-1.0,1
0.3333333333333333,elastic-workbench-cv-analyzer,0.9548313622281956,6.386757851164415,2.519346641721175,202.4717513854307,1.0,1
0.3333333333333333,elastic-workbench-pc-visualizer,0.9364013691642721,466.9231480710909,1.0000000000000009,6.0000000000000036,-1.0,1
0.3333333333333333,elastic-workbench-qr-detector,0.8863316682763381,248.2886329833433,1.0,1000.0,-1.0,1
0.3333333333333333,elastic-workbench-cv-analyzer,0.9333333333333336,8.77047252540663,1.0,320.0,4.0,1
0.3333333333333333,elastic-workbench-pc-visualizer,0.9041405338062358,221.93004612379144,1.0,60.0,-1.0,1
0.3333333333333333,elastic-workbench-qr-detector,0.6609009030856526,192.35704664950708,7.999999999999998,923.3983886906182,-1.0,1
0.3333333333333333,elastic-workbench-cv-analyzer,0.9962962962962962,6.709299101524923,1.0000000000000004,319.2267940118169,3.661807733163336,1
0.3333333333333333,elastic-workbench-pc-visualizer,0.8438884249608852,299.40818997467767,8.0,60.0,-1.0,1
0.35,elastic-workbench-qr-detector,0.6552611599549644,243.85403798548862,1.0,1000.0,-1.0,1
0.35,elastic-workbench-cv-analyzer,0.9755555555555557,9.441411721984514,1.0,320.0,4.0,1
0.35,elastic-workbench-pc-visualizer,0.777044518771291,221.93004612379144,1.0,60.0,-1.0,1
0.35,elastic-workbench-qr-detector,0.9090429617557033,1658.5021830327987,7.999999999999998,253.85382746939203,-1.0,1
0.35,elastic-workbench-cv-analyzer,0.9962962962962963,9.03434445867769,1.0,320.0,3.9404470914112806,1
0.35,elastic-workbench-pc-visualizer,0.9364013691642722,466.92314807109096,1.0,6.0,-1.0,1
0.35,elastic-workbench-qr-detector,0.8862312163332465,243.85403798548862,1.0,1000.0,-1.0,1
0.35,elastic-workbench-cv-analyzer,0.9333333333333333,9.441411721984506,1.0000000000000007,320.0,4.0,1
0.35,elastic-workbench-pc-visualizer,0.9041405338062358,221.9300461237915,1.0,59.99999999999997,-1.0,1
0.35,elastic-workbench-qr-detector,0.7136835942957744,243.85403798548805,1.0,999.9999999999999,-1.0,1
0.35,elastic-workbench-cv-analyzer,0.9032732227945294,6.169905985112537,8.0,277.30072670774223,2.4345558124454163,1
0.35,elastic-workbench-pc-visualizer,0.843888424960885,299.40818997467744,7.9999999999999964,60.0,-1.0,1
0.36666666666666664,elastic-workbench-qr-detector,0.6572177827296547,256.38715435866436,1.0,1000.0,-1.0,1
0.36666666666666664,elastic-workbench-cv-analyzer,0.9755555555555557,9.774562673976167,1.0,320.0,4.0,1
0.36666666666666664,elastic-workbench-pc-visualizer,0.7649496942007034,209.84501568038763,1.0000000000000004,60.0,-1.0,1
0.36666666666666664,elastic-workbench-qr-detector,0.9092388860401515,1658.4574166075463,8.0,256.9245740028395,-1.0,1
0.36666666666666664,elastic-workbench-cv-analyzer,0.9962962962962963,7.887901850295821,1.0,319.368803201898,3.7249946330601613,1
0.36666666666666664,elastic-workbench-pc-visualizer,0.9266199197042285,454.41711820282774,1.0,6.0,-1.0,1
0.36666666666666664,elastic-workbench-qr-detector,0.8865189549765834,256.38715435866436,1.0,1000.0,-1.0,1
0.36666666666666664,elastic-workbench-cv-analyzer,0.9333333333333336,8.62297172517623,1.0,319.99999999999994,3.8331576650781507,1
0.36666666666666664,elastic-workbench-pc-visualizer,0.9023618831340906,209.84501568038763,1.0,60.0,-1.0,1
0.36666666666666664,elastic-workbench-qr-detector,0.7154100261557954,256.3871543586639,1.0000000000000009,1000.0,-1.0,1
0.36666666666666664,elastic-workbench-cv-analyzer,0.9962962962962962,9.774562673976165,1.0000000000000022,320.0,3.9999999999999996,1
0.36666666666666664,elastic-workbench-pc-visualizer,0.8485027282537282,304.76807574917575,8.0,60.0,-1.0,1
0.38333333333333336,elastic-workbench-qr-detector,0.658793596394157,266.12716003083415,1.0,1000.0,-1.0,1
0.38333333333333336,elastic-workbench-cv-analyzer,0.6685875577740549,5.356948032022896,2.870312413121048,128.0,1.9570522102017442,1
0.38333333333333336,elastic-workbench-pc-visualizer,0.7619413907922807,206.8113727407948,1.0,60.0,-1.0,1
0.38333333333333336,elastic-workbench-qr-detector,0.9095281396464511,1658.4092592887469,8.0,261.4127593625609,-1.0,1
0.38333333333333336,elastic-workbench-cv-analyzer,0.9476891287628502,6.397031057938388,8.0,294.2110549543868,2.497397381672485,1
0.38333333333333336,elastic-workbench-pc-visualizer,0.9210318355738768,448.51296033523255,1.0,6.0,-1.0,1
0.38333333333333336,elastic-workbench-qr-detector,0.8867506922801867,266.12716003083415,1.0,1000.0,-1.0,1
0.38333333333333336,elastic-workbench-cv-analyzer,0.8894068064141218,1.395039948567896,1.0000000000000004,319.99999999999994,3.999999999999998,1
0.38333333333333336,elastic-workbench-pc-visualizer,0.9019194855740283,206.8113727407947,1.0,59.999999999999986,-1.0,1
0.38333333333333336,elastic-workbench-qr-detector,0.7168004499774152,266.12716003083415,1.0,1000.0,-1.0,1
0.38333333333333336,elastic-workbench-cv-analyzer,0.9251354356805829,5.931886449223382,8.0,299.7158749394695,2.5882983424278416,1
0.38333333333333336,elastic-workbench-pc-visualizer,0.8385788757534144,293.29834237726607,7.999999999999999,60.0,-1.0,1
0.4,elastic-workbench-qr-detector,0.5060917974990462,898.6769464050532,1.0,100.0,-1.0,1
0.4,elastic-workbench-cv-analyzer,0.6261130003846422,5.3100028785913995,2.7709176184969047,128.00000000000003,1.805173693641087,1
0.4,elastic-workbench-pc-visualizer,0.7632452142368433,208.1277313539153,1.0,59.999999999999986,-1.0,1
0.4,elastic-workbench-qr-detector,0.9094883694611361,1658.7298194139357,8.0,260.7226931562317,-1.0,1
0.4,elastic-workbench-cv-analyzer,0.9417490796019768,6.391285712852416,8.0,292.641471076429,2.5190145178839427,1
0.4,elastic-workbench-pc-visualizer,0.9418810467930704,476.42191872368824,1.0,6.000000000000018,-1.0,1
0.4,elastic-workbench-qr-detector,0.8867705242387026,266.9472559056263,1.0,1000.0,-1.0,1
0.4,elastic-workbench-cv-analyzer,0.8084167857650578,1.0000104486257784,1.436870898790835,178.38214697116734,2.9258959170497016,1
0.4,elastic-workbench-pc-visualizer,0.9021112243158759,208.1277313539154,1.0,60.0,-1.0,1
0.4,elastic-workbench-qr-detector,0.7169194417285111,266.9472559056263,1.0,1000.0,-1.0,1
0.4,elastic-workbench-cv-analyzer,0.8546160885259375,5.627394973419956,8.0,297.00138544512487,2.719160594608215,1
0.4,elastic-workbench-pc-visualizer,0.8671890690937065,327.0987430610068,8.0,60.0,-1.0,1
0.4166666666666667,elastic-workbench-qr-detector,0.6591080584314798,268.0363151125691,1.0,1000.0,-1.0,1
0.4166666666666667,elastic-workbench-cv-analyzer,0.624432835621947,6.034360474837084,7.999999999999999,294.23352949996143,2.729431035723055,1
0.4166666666666667,elastic-workbench-pc-visualizer,0.7636170729086524,208.50272427408748,1.0000000000000036,59.99999999999997,-1.0,1
0.4166666666666667,elastic-workbench-qr-detector,0.9094201555101838,1658.5154549676372,8.0,259.72118537215,-1.0,1
0.4166666666666667,elastic-workbench-cv-analyzer,0.9426143991046967,6.389236448425553,8.0,291.532546727527,2.6248654611221625,1
0.4166666666666667,elastic-workbench-pc-visualizer,0.9374939117484677,468.60027024337177,1.0,6.0,-1.0,1
0.4166666666666667,elastic-workbench-qr-detector,0.8867969366974398,268.0363151125671,1.0000000000000002,999.9999999999987,-1.0,1
0.4166666666666667,elastic-workbench-cv-analyzer,0.8161399142809773,1.0001179194790448,1.3892974797997026,165.03493564572796,3.156357232593127,1
0.4166666666666667,elastic-workbench-pc-visualizer,0.8841665341917874,468.60027024337177,1.0,6.0,-1.0,1
0.4166666666666667,elastic-workbench-qr-detector,0.7170779164809352,268.0363151125691,1.0,1000.0,-1.0,1
0.4166666666666667,elastic-workbench-cv-analyzer,0.8683025726916513,5.562784689798089,8.0,297.7996610546442,2.869178833599171,1
0.4166666666666667,elastic-workbench-pc-visualizer,0.859059124547313,317.2428226056788,8.0,59.99999999999999,-1.0,1
0.43333333333333335,elastic-workbench-qr-detector,0.6604603469835711,276.124462661709,1.0,1000.0,-1.0,1
0.43333333333333335,elastic-workbench-cv-analyzer,0.6328767398879539,6.043257751449676,8.0,318.73299030489534,2.8336118997009807,1
0.43333333333333335,elastic-workbench-pc-visualizer,0.7635742590981447,208.45955941792624,1.0,60.0,-1.0,1
0.43333333333333335,elastic-workbench-qr-detector,0.9095515025729249,1658.4784372595004,8.0,261.75532677455186,-1.0,1
0.43333333333333335,elastic-workbench-cv-analyzer,0.9439035012947191,6.389595884881253,8.0,318.2386422945885,2.7167564828461286,1
0.43333333333333335,elastic-workbench-pc-visualizer,0.9375094843978069,468.6247782775617,1.0000000000000004,6.0000000000000036,-1.0,1
0.43333333333333335,elastic-workbench-qr-detector,0.8869958026609829,276.1244626617075,1.0,999.9999999999994,-1.0,1
0.43333333333333335,elastic-workbench-cv-analyzer,0.8472309329720967,1.0000070541705695,1.1661074667121298,188.7575022730827,2.470643356246253,1
0.43333333333333335,elastic-workbench-pc-visualizer,0.9021596132660672,208.45955941792624,1.0,60.0,-1.0,1
0.43333333333333335,elastic-workbench-qr-detector,0.7182711122621922,276.12446266170855,1.0000000000000016,1000.0,-1.0,1
0.43333333333333335,elastic-workbench-cv-analyzer,0.8843998163822553,5.603913046883125,8.0,320.0,2.98073213084814,1
0.43333333333333335,elastic-workbench-pc-visualizer,0.8593633736058166,317.60739560952584,8.0,60.0,-1.0,1
0.45,elastic-workbench-qr-detector,0.6630448194236631,291.0784667964126,1.0,1000.0,-1.0,1
0.45,elastic-workbench-cv-analyzer,0.6348609069237806,5.974116597980891,7.999999999999999,311.9104884762555,2.90366643832605,1
0.45,elastic-workbench-pc-visualizer,0.7624955572687994,207.3711640819247,1.0,59.99999999999996,-1.0,1
0.45,elastic-workbench-qr-detector,0.9091449289607751,1658.7898812583574,8.0,255.37936733347186,-1.0,1
0.45,elastic-workbench-cv-analyzer,0.9439937688749702,6.38565519370887,8.0,308.7508196954136,2.7385518122862984,1
0.45,elastic-workbench-pc-visualizer,0.9366931545318321,467.36320068848374,1.0000000000000016,6.0,-1.0,1
0.45,elastic-workbench-qr-detector,0.8873758721374669,291.0784667964126,1.0,1000.0,-1.0,1
0.45,elastic-workbench-cv-analyzer,0.8658185374352503,1.0007975742299795,1.0000000000000002,172.74046049239323,2.285308630916869,1
0.45,elastic-workbench-pc-visualizer,0.9020009806441047,207.37116408192475,1.0,60.0,-1.0,1
0.45,elastic-workbench-qr-detector,0.720551529121097,291.0784667964126,1.0,1000.0,-1.0,1
0.45,elastic-workbench-cv-analyzer,0.8908373818451345,5.496057013725427,8.0,314.73032200563006,3.0944915871985663,1
0.45,elastic-workbench-pc-visualizer,0.8668646372745112,326.700591273578,8.0,60.0,-1.0,1
0.4666666666666667,elastic-workbench-qr-detector,0.6640930022065569,296.97252212294813,1.0000000000017453,999.9999999999138,-1.0,1
0.4666666666666667,elastic-workbench-cv-analyzer,0.6330908580099595,5.966393325983478,8.0,314.4629167786079,2.868383708349893,1
0.4666666666666667,elastic-workbench-pc-visualizer,0.7772295138409031,222.1137141801222,1.0,60.0,-1.0,1
0.4666666666666667,elastic-workbench-qr-detector,0.9090050939365111,1658.9626325790887,8.0,253.1488221511218,-1.0,1
0.4666666666666667,elastic-workbench-cv-analyzer,0.9437049458630555,6.384989680303577,8.0,311.8026454151409,2.6987673690805183,1
0.4666666666666667,elastic-workbench-pc-visualizer,0.9376214150547647,468.8014617868839,1.0000000000000009,6.0,-1.0,1
0.4666666666666667,elastic-workbench-qr-detector,0.8875300166643831,296.97252212326293,1.0,1000.0,-1.0,1
0.4666666666666667,elastic-workbench-cv-analyzer,0.8691440428433406,1.5056354814328863,1.0,128.0,2.849627068709557,1
0.4666666666666667,elastic-workbench-pc-visualizer,0.9041677389635316,222.1137141801222,1.0,60.0,-1.0,1
0.4666666666666667,elastic-workbench-qr-detector,0.7214763962825943,296.97252212326293,1.0,1000.0,-1.0,1
0.4666666666666667,elastic-workbench-cv-analyzer,0.8877325421660183,5.476248250194625,8.0,316.9415919885895,3.0649468038973144,1
0.4666666666666667,elastic-workbench-pc-visualizer,0.8702171608428702,330.8362662050689,8.0,60.0,-1.0,1
0.48333333333333334,elastic-workbench-qr-detector,0.6641552492286068,297.3196552739962,1.0,1000.0,-1.0,1
0.48333333333333334,elastic-workbench-cv-analyzer,0.6272423643911661,5.44511014169123,2.2719541057860138,128.0,1.0,1
0.48333333333333334,elastic-workbench-pc-visualizer,0.777258542041815,222.14253138306088,1.0,60.0,-1.0,1
0.48333333333333334,elastic-workbench-qr-detector,0.9088453979982838,1658.9285386451793,8.0,250.64133552307572,-1.0,1
0.48333333333333334,elastic-workbench-cv-analyzer,0.943495654340204,6.386882433978519,8.0,280.37676885226546,2.792669878478702,1
0.48333333333333334,elastic-workbench-pc-visualizer,0.9372415567729547,468.20557490650765,1.0000000000000042,6.0,-1.0,1
0.48333333333333334,elastic-workbench-qr-detector,0.8875391706381938,297.31965527399575,1.0000000000000004,1000.0,-1.0,1
0.48333333333333334,elastic-workbench-cv-analyzer,0.8657405626512382,1.0000030079457773,1.0000000000000022,168.66250207518456,2.3294371080510032,1
0.48333333333333334,elastic-workbench-pc-visualizer,0.904172007816607,222.14253138306088,1.0,60.0,-1.0,1
0.48333333333333334,elastic-workbench-qr-detector,0.7215313201254592,297.3196552739962,1.0,1000.0,-1.0,1
0.48333333333333334,elastic-workbench-cv-analyzer,0.8825479864112765,5.4996466675298965,8.0,289.7131454993991,3.0843357400741507,1
0.48333333333333334,elastic-workbench-pc-visualizer,0.8694860734849543,329.93028208893355,7.999999999999998,60.0,-1.0,1
0.5,elastic-workbench-qr-detector,0.6633271278984131,292.67509703307996,1.0000000000000016,999.9999999999995,-1.0,1
0.5,elastic-workbench-cv-analyzer,0.6335675395354238,5.941801940405254,8.0,292.40845188269714,2.952873285146746,1
0.5,elastic-workbench-pc-visualizer,0.7801054350129917,224.96521980953207,1.0000000000000036,60.0,-1.0,1
0.5,elastic-workbench-qr-detector,0.9086514839820142,1658.9856105454105,8.0,247.5516561795992,-1.0,1
0.5,elastic-workbench-cv-analyzer,0.9437110032736925,6.383249966780976,8.0,287.58909171681825,2.7795570772616838,1
0.5,elastic-workbench-pc-visualizer,0.903454571488322,497.7204818291331,8.0,9.71863381868692,-1.0,1
0.5,elastic-workbench-qr-detector,0.8874173880896361,292.67509703308133,1.0,1000.0,-1.0,1
0.5,elastic-workbench-cv-analyzer,0.8135166165353322,1.0000879324704233,1.4015646991244721,195.83295463707225,2.597325621556954,1
0.5,elastic-workbench-pc-visualizer,0.9045906685476623,224.96521980953207,1.0,60.0,-1.0,1
0.5,elastic-workbench-qr-detector,0.720800624834112,292.67509703308133,1.0,1000.0,-1.0,1
0.5,elastic-workbench-cv-analyzer,0.8899689141331014,5.412963742222917,8.0,298.37190108008616,3.1646161272829336,1
0.5,elastic-workbench-pc-visualizer,0.8696219699351962,330.0985109913739,8.0,60.0,-1.0,1
0.5166666666666667,elastic-workbench-qr-detector,0.6628604228501626,290.0318521476232,1.0,1000.0,-1.0,1
0.5166666666666667,elastic-workbench-cv-analyzer,0.6416431135652686,5.858601948594952,8.0,308.78538722062206,3.1130665105647823,1
0.5166666666666667,elastic-workbench-pc-visualizer,0.6502030604615898,465.65422821150423,1.0,6.0,-1.0,1
0.5166666666666667,elastic-workbench-qr-detector,0.9085301761149446,1659.0227216314788,8.0,245.60598921965013,-1.0,1
0.5166666666666667,elastic-workbench-cv-analyzer,0.9445482413171421,6.375367814812853,8.0,303.572840983496,2.82525627038857,1
0.5166666666666667,elastic-workbench-pc-visualizer,0.9355396916357986,465.65422821150423,1.0,6.0,-1.0,1
0.5166666666666667,elastic-workbench-qr-detector,0.8873487549943051,290.0318521476223,1.0,999.9999999999995,-1.0,1
0.5166666666666667,elastic-workbench-cv-analyzer,0.808947266371211,1.0000532187953306,1.4335131432225325,178.29266764178965,2.924625802591598,1
0.5166666666666667,elastic-workbench-pc-visualizer,0.9051549983731586,228.75999536471397,1.0,59.999999999999986,-1.0,1
0.5166666666666667,elastic-workbench-qr-detector,0.720388826262126,290.0318521476232,1.0000000000000009,1000.0,-1.0,1
0.5166666666666667,elastic-workbench-cv-analyzer,0.9083310492431144,5.38553710647816,8.0,312.94495875477594,3.3836008676339935,1
0.5166666666666667,elastic-workbench-pc-visualizer,0.8695441429874494,330.00215759656896,7.999999999999999,60.0,-1.0,1
0.5333333333333333,elastic-workbench-qr-detector,0.6623902402773689,287.3495430026579,1.0000000000000022,999.9999999999993,-1.0,1
0.5333333333333333,elastic-workbench-cv-analyzer,0.640746702190634,5.8838459685553754,8.0,304.8377017680163,3.088373470552945,1
0.5333333333333333,elastic-workbench-pc-visualizer,0.7858727315055536,230.66456043693103,1.0,60.0,-1.0,1
0.5333333333333333,elastic-workbench-qr-detector,0.908405804337572,1659.0499898794938,8.0,243.60344795669187,-1.0,1
0.5333333333333333,elastic-workbench-cv-analyzer,0.9445363172831218,6.378042179749958,8.0,299.65844072593313,2.834425736817909,1
0.5333333333333333,elastic-workbench-pc-visualizer,0.9349463404234895,464.8051383850331,1.0,6.000000000000107,-1.0,1
0.5333333333333333,elastic-workbench-qr-detector,0.8872796104983062,287.3495430026594,1.0,999.9999999999999,-1.0,1
0.5333333333333333,elastic-workbench-cv-analyzer,0.6929245452522811,1.0000268407405573,2.090351650592246,297.33836516314295,2.443021714241529,1
0.5333333333333333,elastic-workbench-pc-visualizer,0.9054388003848035,230.66456043693103,1.0000000000000013,59.99999999999999,-1.0,1
0.5333333333333333,elastic-workbench-qr-detector,0.719973959286132,287.3495430026595,1.0000000000000009,1000.0,-1.0,1
0.5333333333333333,elastic-workbench-cv-analyzer,0.905779841793668,5.398295744138644,8.0,309.6862877436007,3.344302033149047,1
0.5333333333333333,elastic-workbench-pc-visualizer,0.8696341934973558,330.1136467408787,8.0,60.0,-1.0,1
0.55,elastic-workbench-qr-detector,0.6620043674179599,285.13331016516236,1.0,999.9999999999999,-1.0,1
0.55,elastic-workbench-cv-analyzer,0.6414234412840079,5.8396895726126905,8.0,310.156515108196,3.116295571646638,1
0.55,elastic-workbench-pc-visualizer,0.7874292816261237,232.1990597623759,1.0,59.999999999999986,-1.0,1
0.55,elastic-workbench-qr-detector,0.9082956888530113,1659.0985177897478,8.0,241.81576976165945,-1.0,1
0.55,elastic-workbench-cv-analyzer,0.9444233696026766,6.37458700001262,8.0,305.08837429337876,2.8057412461023334,1
0.55,elastic-workbench-pc-visualizer,0.9344446187118962,464.10167725117174,1.0000000000000018,6.0,-1.0,1
0.55,elastic-workbench-qr-detector,0.8872228644895692,285.13331016516133,1.0000000000000002,999.9999999999995,-1.0,1
0.55,elastic-workbench-cv-analyzer,0.5875119013245352,1.0000382327327078,2.612631762488708,303.54784446780855,3.2578848796286706,1
0.55,elastic-workbench-pc-visualizer,0.9056677048142993,232.1990597623751,1.0,59.99999999999988,-1.0,1
0.55,elastic-workbench-qr-detector,0.7196334832337118,285.1333101651626,1.0,1000.0,-1.0,1
0.55,elastic-workbench-cv-analyzer,0.9086104018069818,5.368136771395244,8.0,314.0913205361992,3.3966448176384945,1
0.55,elastic-workbench-pc-visualizer,0.8696223689014703,330.09900499854007,7.9999999999999964,60.0,-1.0,1
0.5666666666666667,elastic-workbench-qr-detector,0.6616542872935265,283.11075750657494,1.0,1000.0,-1.0,1
0.5666666666666667,elastic-workbench-cv-analyzer,0.6424599064317267,5.798464041375538,8.0,316.256282070412,3.1592557856235826,1
0.5666666666666667,elastic-workbench-pc-visualizer,0.6496331581602824,463.5313456759864,1.0000000000000004,6.0,-1.0,1
0.5666666666666667,elastic-workbench-qr-detector,0.9081911077909401,1659.1172198561126,8.0,240.11651157628012,-1.0,1
0.5666666666666667,elastic-workbench-cv-analyzer,0.9443281973509372,6.370680164475388,8.0,311.80197137761843,2.7833419785714244,1
0.5666666666666667,elastic-workbench-pc-visualizer,0.9340311267205732,463.53134567598636,1.0000000000000007,6.0000000000000036,-1.0,1
0.5666666666666667,elastic-workbench-qr-detector,0.8871713821183292,283.11075750657494,1.0,1000.0,-1.0,1
0.5666666666666667,elastic-workbench-cv-analyzer,0.8435461410560445,1.000005078107046,1.1583360593314498,246.47844970660174,1.3045876078092695,1
0.5666666666666667,elastic-workbench-pc-visualizer,0.9058592445101212,233.4820381850476,1.0,60.0,-1.0,1
0.5666666666666667,elastic-workbench-qr-detector,0.7193245890062706,283.11075750657494,1.0,1000.0,-1.0,1
0.5666666666666667,elastic-workbench-cv-analyzer,0.9118627994971082,5.356005535676695,7.999999999999999,318.5391966392711,3.454912377423559,1
0.5666666666666667,elastic-workbench-pc-visualizer,0.8696901797915667,330.1829797878046,8.0,60.0,-1.0,1
0.5833333333333334,elastic-workbench-qr-detector,0.6614044112252873,281.6600684210043,1.0,1000.0,-1.0,1
0.5833333333333334,elastic-workbench-cv-analyzer,0.6480394446332168,5.736747027188364,8.0,320.0,3.35493613215961,1
0.5833333333333334,elastic-workbench-pc-visualizer,0.7895916578273291,234.32859300594856,1.0,60.0,-1.0,1
0.5833333333333334,elastic-workbench-qr-detector,0.9081187608877358,1659.1454196547265,8.0,238.93277854137233,-1.0,1
0.5833333333333334,elastic-workbench-cv-analyzer,0.9443987531866094,6.355768620459537,8.0,320.0,2.7990766593626106,1
0.5833333333333334,elastic-workbench-pc-visualizer,0.9048219683447026,497.23180377383795,7.999999999999999,11.62612955687572,-1.0,1
0.5833333333333334,elastic-workbench-qr-detector,0.8871346356377058,281.6600684210043,1.0,1000.0,-1.0,1
0.5833333333333334,elastic-workbench-cv-analyzer,0.8639487164510089,1.0007231330299886,1.0000000000000486,211.4047002898587,1.6170705328556352,1
0.5833333333333334,elastic-workbench-pc-visualizer,0.9059857013144766,234.32859300594828,1.0,59.99999999999998,-1.0,1
0.5833333333333334,elastic-workbench-qr-detector,0.7191041101225301,281.6600684210043,1.0,1000.0,-1.0,1
0.5833333333333334,elastic-workbench-cv-analyzer,0.9232068928737643,5.428471147499228,8.0,320.0,3.6297785222865357,1
0.5833333333333334,elastic-workbench-pc-visualizer,0.8697545804663357,330.2627501544507,7.999999999999999,59.99999999999999,-1.0,1
0.6,elastic-workbench-qr-detector,0.6611462112781274,280.15477402960653,1.0,1000.0,-1.0,1
0.6,elastic-workbench-cv-analyzer,0.6265452500386862,5.365730297294324,2.2378275107810257,128.0,1.0,1
0.6,elastic-workbench-pc-visualizer,0.7905465125156084,235.2682002819924,1.0,60.0,-1.0,1
0.6,elastic-workbench-qr-detector,0.9080432436756757,1659.169287229944,8.0,237.69440712024084,-1.0,1
0.6,elastic-workbench-cv-analyzer,0.9406217356218725,6.3814630771939145,8.0,299.10271512315416,2.372930408121645,1
0.6,elastic-workbench-pc-visualizer,0.933425830438924,462.7109681108991,1.0,6.000000000000006,-1.0,1
0.6,elastic-workbench-qr-detector,0.8870966650572412,280.15477402960653,1.0,1000.0,-1.0,1
0.6,elastic-workbench-cv-analyzer,0.8687392990105351,1.132421810903172,1.0,128.00000000000082,3.2051654500626525,1
0.6,elastic-workbench-pc-visualizer,0.9061261211215765,235.2682002819924,1.0,60.0,-1.0,1
0.6,elastic-workbench-qr-detector,0.718876286639742,280.15477402960653,1.0,1000.0,-1.0,1
0.6,elastic-workbench-cv-analyzer,0.8551765775699202,5.2219511267809455,7.999999999999999,308.44582278768416,2.8347318995528044,1
0.6,elastic-workbench-pc-visualizer,0.8698026791604293,330.3223398413255,8.0,60.0,-1.0,1
0.6166666666666667,elastic-workbench-qr-detector,0.6609073847563877,278.756657687289,1.0,1000.0,-1.0,1
0.6166666666666667,elastic-workbench-cv-analyzer,0.608181971397822,5.73848175030577,8.0,320.0,2.5139623688814376,1
0.6166666666666667,elastic-workbench-pc-visualizer,0.791166686545846,235.8782458588841,1.0,60.0,-1.0,1
0.6166666666666667,elastic-workbench-qr-detector,0.9079737175710223,1659.1887608339848,8.0,236.5511276028392,-1.0,1
0.6166666666666667,elastic-workbench-cv-analyzer,0.9391405755851739,6.373844008996492,8.0,320.0,2.1847779424253204,1
0.6166666666666667,elastic-workbench-pc-visualizer,0.933205932215087,462.41701585242146,1.0,6.000000000000016,-1.0,1
0.6166666666666667,elastic-workbench-qr-detector,0.8870615435099265,278.756657687289,1.0,1000.0,-1.0,1
0.6166666666666667,elastic-workbench-cv-analyzer,0.7810447865905777,1.0000010362421117,1.5990221069088695,208.4570433105265,2.5347952838110994,1
0.6166666666666667,elastic-workbench-pc-visualizer,0.9062173231848462,235.87824585888382,1.0000000000000033,59.99999999999998,-1.0,1
0.6166666666666667,elastic-workbench-qr-detector,0.718665557355854,278.756657687289,1.0,1000.0,-1.0,1
0.6166666666666667,elastic-workbench-cv-analyzer,0.8521264855937141,4.951182294489749,8.0,320.0,2.919609726101657,1
0.6166666666666667,elastic-workbench-pc-visualizer,0.8698505485800158,330.3816555856542,8.0,60.0,-1.0,1
0.6333333333333333,elastic-workbench-qr-detector,0.6607189552701729,277.64960429213124,1.0,1000.0,-1.0,1
0.6333333333333333,elastic-workbench-cv-analyzer,0.615371137542932,5.113466835211581,2.2274633635539227,128.0,1.0000000000000004,1
0.6333333333333333,elastic-workbench-pc-visualizer,0.5792112683690741,330.433393234205,8.0,60.0,-1.0,1
0.6333333333333333,elastic-workbench-qr-detector,0.9079181608808148,1659.20406052978,7.999999999999997,235.63500358422738,-1.0,1
0.6333333333333333,elastic-workbench-cv-analyzer,0.9381499363706148,6.3670920141744745,8.0,320.0,2.0823729944084293,1
0.6333333333333333,elastic-workbench-pc-visualizer,0.9330128329345411,462.16061851960694,1.0000000000000038,6.0,-1.0,1
0.6333333333333333,elastic-workbench-qr-detector,0.8870338332913654,277.64960429213124,1.0,1000.0,-1.0,1
0.6333333333333333,elastic-workbench-cv-analyzer,0.8307418178614403,1.000066871867202,1.2458715443391397,231.31872569179455,1.4412459401302258,1
0.6333333333333333,elastic-workbench-pc-visualizer,0.9062968940370303,236.41035287387547,1.0,60.0,-1.0,1
0.6333333333333333,elastic-workbench-qr-detector,0.718499296044488,277.64960429213113,1.0,999.9999999999999,-1.0,1
0.6333333333333333,elastic-workbench-cv-analyzer,0.8529688444008927,4.796738036122294,8.0,320.0,3.013221166957729,1
0.6333333333333333,elastic-workbench-pc-visualizer,0.8698922956197712,330.433393234205,8.0,60.0,-1.0,1
0.65,elastic-workbench-qr-detector,0.660555487887878,276.686338605704,1.0,1000.0,-1.0,1
0.65,elastic-workbench-cv-analyzer,0.6049318511433953,5.6162028271396345,8.0,320.0,2.5259087115029324,1
0.65,elastic-workbench-pc-visualizer,0.7921839770196983,236.8785604957758,1.0,60.0,-1.0,1
0.65,elastic-workbench-qr-detector,0.9078703490960842,1659.218919895617,8.0,234.8443055277521,-1.0,1
0.65,elastic-workbench-cv-analyzer,0.9380501409191966,6.366555805079041,8.0,320.0,2.0720369621109924,1
0.65,elastic-workbench-pc-visualizer,0.9053287136134139,497.0437429964787,8.0,12.276040588415112,-1.0,1
0.65,elastic-workbench-qr-detector,0.8870097939704398,276.686338605704,1.0,1000.0,-1.0,1
0.65,elastic-workbench-cv-analyzer,0.8695150803548903,2.4913834214614283,1.0000000000000004,128.00000000000003,1.7911725370645841,1
0.65,elastic-workbench-pc-visualizer,0.9063669247251193,236.8785604957758,1.0,60.0,-1.0,1
0.65,elastic-workbench-qr-detector,0.7183550601189337,276.686338605704,1.0,1000.0,-1.0,1
0.65,elastic-workbench-cv-analyzer,0.8530032200162585,4.784054281584535,8.0,320.0,3.021045505548197,1
0.65,elastic-workbench-pc-visualizer,0.8699290242341629,330.4789178386653,8.0,60.0,-1.0,1
0.6666666666666666,elastic-workbench-qr-detector,0.660373657473488,275.61169933014014,1.0,999.9999999999999,-1.0,1
0.6666666666666666,elastic-workbench-cv-analyzer,0.6131877379684507,5.06030917875553,2.219825477318982,128.00000000000003,1.0,1
0.6666666666666666,elastic-workbench-pc-visualizer,0.7927783139516077,237.46278255757375,1.0,60.0,-1.0,1
0.6666666666666666,elastic-workbench-qr-detector,0.907818289665654,1659.2111926581583,8.0,233.98704649698874,-1.0,1
0.6666666666666666,elastic-workbench-cv-analyzer,0.9373277702704191,6.363247069959886,8.0,320.0,1.9970416264792905,1
0.6666666666666666,elastic-workbench-pc-visualizer,0.905437071045668,496.97740054108095,8.0,12.413867518528836,-1.0,1
0.6666666666666666,elastic-workbench-qr-detector,0.8869830542036177,275.61169933014025,1.0,1000.0,-1.0,1
0.6666666666666666,elastic-workbench-cv-analyzer,0.869679269230159,2.342582677530289,1.0000000000000004,128.00000000000006,1.9838855313109756,1
0.6666666666666666,elastic-workbench-pc-visualizer,0.9064543272151059,237.46278255757352,1.0,59.99999999999995,-1.0,1
0.6666666666666666,elastic-workbench-qr-detector,0.7181946215180013,275.61169933014025,1.0,1000.0,-1.0,1
0.6666666666666666,elastic-workbench-cv-analyzer,0.8518873480207148,4.704533678690397,8.0,320.0,3.0567684033255755,1
0.6666666666666666,elastic-workbench-pc-visualizer,0.8699561924158768,330.5125962517827,8.0,60.0,-1.0,1
0.6833333333333333,elastic-workbench-qr-detector,0.6601895709554252,274.5202925628439,1.0000000000000009,1000.0,-1.0,1
0.6833333333333333,elastic-workbench-cv-analyzer,0.6124299313103919,5.323918100120641,2.2915167749353653,128.0,1.0,1
0.6833333333333333,elastic-workbench-pc-visualizer,0.7931469391517474,237.82506484539704,1.0,60.0,-1.0,1
0.6833333333333333,elastic-workbench-qr-detector,0.9077619997198146,1659.2497857779408,7.999999999999994,233.04657083030688,-1.0,1
0.6833333333333333,elastic-workbench-cv-analyzer,0.937933708985732,6.5827708076722535,8.0,320.0,2.0566094622984115,1
0.6833333333333333,elastic-workbench-pc-visualizer,0.9325134171584617,461.50477049046236,1.0000000000000167,6.0,-1.0,1
0.6833333333333333,elastic-workbench-qr-detector,0.8869559826568437,274.52029256284345,1.0,1000.0,-1.0,1
0.6833333333333333,elastic-workbench-cv-analyzer,0.8159229462550497,1.0000165998460364,1.379090887439641,183.66591895488807,2.642049614926521,1
0.6833333333333333,elastic-workbench-pc-visualizer,0.9065085368033617,237.82506484539704,1.0,60.0,-1.0,1
0.6833333333333333,elastic-workbench-qr-detector,0.7180321922373577,274.52029256284334,1.0,999.9999999999999,-1.0,1
0.6833333333333333,elastic-workbench-cv-analyzer,0.8418962326201254,4.991884294683491,8.0,320.0,2.876695818675895,1
0.6833333333333333,elastic-workbench-pc-visualizer,0.8699855129913309,330.5489464889333,7.9999999999999885,59.999999999999744,-1.0,1
0.7,elastic-workbench-qr-detector,0.6600390896131787,273.6255290665706,1.0,1000.0,-1.0,1
0.7,elastic-workbench-cv-analyzer,0.6163711595870749,5.408918975975392,2.292578725856237,128.0,1.0,1
0.7,elastic-workbench-pc-visualizer,0.57931691472351,330.54894648893514,8.0,60.0,-1.0,1
0.7,elastic-workbench-qr-detector,0.9077154036022342,1659.099481637272,7.999999999999999,232.3099541692163,-1.0,1
0.7,elastic-workbench-cv-analyzer,0.9386517618625494,6.587578011031248,8.0,306.00844013275673,2.143999736200125,1
0.7,elastic-workbench-pc-visualizer,0.9055174241750743,496.9793734476847,7.9999999999999964,12.51136627065664,-1.0,1
0.7,elastic-workbench-qr-detector,0.8869338530476899,273.6255290665706,1.0,1000.0,-1.0,1
0.7,elastic-workbench-cv-analyzer,0.8377830471460349,1.0000169189005126,1.2110182860861087,196.225204918715,2.070241885344169,1
0.7,elastic-workbench-pc-visualizer,0.9065085368033617,237.82506484539704,1.0,60.0,-1.0,1
0.7,elastic-workbench-qr-detector,0.7178994145824343,273.6255290665706,1.0000000000000033,1000.0,-1.0,1
0.7,elastic-workbench-cv-analyzer,0.8415781960171999,5.127294312502991,8.0,317.0500358795016,2.807704277022734,1
0.7,elastic-workbench-pc-visualizer,0.8699855129913323,330.54894648893514,8.0,60.0,-1.0,1
0.7166666666666667,elastic-workbench-qr-detector,0.6598970596308238,272.7788553039562,1.0,1000.0,-1.0,1
0.7166666666666667,elastic-workbench-cv-analyzer,0.6164984813553438,5.412508379440494,2.293066137585659,128.0000000000004,1.0000000000000029,1
0.7166666666666667,elastic-workbench-pc-visualizer,0.794070827959087,238.73283457767263,1.0000000000000004,60.0,-1.0,1
0.7166666666666667,elastic-workbench-qr-detector,0.9076681370160374,1659.2740572404473,8.0,231.48230762724737,-1.0,1
0.7166666666666667,elastic-workbench-cv-analyzer,0.9386779161711768,6.587480270465817,8.0,305.005704207728,2.148897760004971,1
0.7166666666666667,elastic-workbench-pc-visualizer,0.9056888293438055,496.92347024037394,8.0,12.722208945916638,-1.0,1
0.7166666666666667,elastic-workbench-qr-detector,0.8869129662855788,272.7788553039554,1.0,999.9999999999998,-1.0,1
0.7166666666666667,elastic-workbench-cv-analyzer,0.8050933371655284,1.0000794243464686,1.4540929904506124,144.66668236091843,3.5751283308578574,1
0.7166666666666667,elastic-workbench-pc-visualizer,0.9066444028044411,238.73283457767263,1.0,60.0,-1.0,1
0.7166666666666667,elastic-workbench-qr-detector,0.7177740940097682,272.7788553039562,1.0,1000.0,-1.0,1
0.7166666666666667,elastic-workbench-cv-analyzer,0.8416129256635518,5.131485415002905,8.0,316.715095676803,2.8062273419900325,1
0.7166666666666667,elastic-workbench-pc-visualizer,0.8700263831493434,330.59962168420054,8.0,60.0,-1.0,1
0.7333333333333333,elastic-workbench-qr-detector,0.6597478642601401,271.887184605226,1.0,1000.0,-1.0,1
0.7333333333333333,elastic-workbench-cv-analyzer,0.6177779140477827,5.438389343725867,2.291797227079392,128.00000000000202,1.0,1
0.7333333333333333,elastic-workbench-pc-visualizer,0.7946198600745651,239.27214519944533,1.0,60.0,-1.0,1
0.7333333333333333,elastic-workbench-qr-detector,0.9076198166189953,1659.2950995368665,7.999999999999974,230.6722359736385,-1.0,1
0.7333333333333333,elastic-workbench-cv-analyzer,0.9389758852701898,6.5882297364810505,8.0,301.374953385962,2.1892070689361827,1
0.7333333333333333,elastic-workbench-pc-visualizer,0.9320505605209636,460.9059489698715,1.000000000000004,6.000000000000005,-1.0,1
0.7333333333333333,elastic-workbench-qr-detector,0.8868910257898901,271.887184605226,1.0,1000.0,-1.0,1
0.7333333333333333,elastic-workbench-cv-analyzer,0.7729025284265972,1.0000109220428044,1.6389365311503536,314.190310217235,1.6898393600889072,1
0.7333333333333333,elastic-workbench-pc-visualizer,0.9067251428214231,239.27214519944522,1.0,59.999999999999986,-1.0,1
0.7333333333333333,elastic-workbench-qr-detector,0.7176424510356356,271.8871846052265,1.0000000000000007,1000.0,-1.0,1
0.7333333333333333,elastic-workbench-cv-analyzer,0.8423876004283175,5.189250147053423,8.0,313.0652897517523,2.7901938092961855,1
0.7333333333333333,elastic-workbench-pc-visualizer,0.8700462267031526,330.6242285111347,7.999999999999999,60.0,-1.0,1
0.75,elastic-workbench-qr-detector,0.6596625115115079,271.3760112548772,1.0000000000000004,1000.0,-1.0,1
0.75,elastic-workbench-cv-analyzer,0.6179563699391019,5.441951977129614,2.2915724985893706,128.0,1.0000000000000007,1
0.75,elastic-workbench-pc-visualizer,0.6488373575226387,460.74443029664224,1.0,6.0,-1.0,1
0.75,elastic-workbench-qr-detector,0.9075958567213133,1659.2937179507414,7.999999999999997,230.27266837389368,-1.0,1
0.75,elastic-workbench-cv-analyzer,0.9390060159667039,6.589390112576254,8.0,300.5556499472483,2.1941471885330093,1
0.75,elastic-workbench-pc-visualizer,0.9319245956209278,460.74443029664224,1.0000000000000022,6.0,-1.0,1
0.75,elastic-workbench-qr-detector,0.8868784739150912,271.3760112548771,1.0,999.9999999999999,-1.0,1
0.75,elastic-workbench-cv-analyzer,0.7770364568830034,1.0000006766075167,1.6239713460100815,197.72495587720786,2.744676043734453,1
0.75,elastic-workbench-pc-visualizer,0.9067773310100417,239.62068763341017,1.0,59.99999999999999,-1.0,1
0.75,elastic-workbench-qr-detector,0.7175671397868425,271.3760112548771,1.0,999.9999999999999,-1.0,1
0.75,elastic-workbench-cv-analyzer,0.8424032457338435,5.1950864703326065,8.0,312.60103046158105,2.788258179339649,1
0.75,elastic-workbench-pc-visualizer,0.8700210720318717,330.59303597468346,8.0,60.0,-1.0,1
0.7666666666666667,elastic-workbench-qr-detector,0.6595644490666231,270.7877610216742,1.000000000000001,1000.0,-1.0,1
0.7666666666666667,elastic-workbench-cv-analyzer,0.6210823539953482,5.502180336484896,2.285625347974843,128.0,1.0000000000000178,1
0.7666666666666667,elastic-workbench-pc-visualizer,0.7953010169433964,239.9411026471817,1.0,60.0,-1.0,1
0.7666666666666667,elastic-workbench-qr-detector,0.9075708231368499,1659.30470143226,8.0,229.85173418003424,-1.0,1
0.7666666666666667,elastic-workbench-cv-analyzer,0.9396651012473068,6.592388248183233,8.0,294.09449419217367,2.285042573862528,1
0.7666666666666667,elastic-workbench-pc-visualizer,0.9318154290449941,460.60494146649046,1.0,6.0,-1.0,1
0.7666666666666667,elastic-workbench-qr-detector,0.8868640529673141,270.78776102167376,1.0,1000.0,-1.0,1
0.7666666666666667,elastic-workbench-cv-analyzer,0.8686024932373885,1.021994598276268,1.0,128.00000000000006,3.347100438927111,1
0.7666666666666667,elastic-workbench-pc-visualizer,0.9068253129491924,239.9411026471816,1.0,59.999999999999986,-1.0,1
0.7666666666666667,elastic-workbench-qr-detector,0.7174806141001794,270.78776102167376,1.0,1000.0,-1.0,1
0.7666666666666667,elastic-workbench-cv-analyzer,0.8447987005020433,5.324357310979411,8.0,305.2630887062077,2.769139494038472,1
0.7666666666666667,elastic-workbench-pc-visualizer,0.8700373586256124,330.61323151299246,8.0,60.0,-1.0,1
0.7833333333333333,elastic-workbench-qr-detector,0.6594571256872278,270.14277412818547,1.0,1000.0,-1.0,1
0.7833333333333333,elastic-workbench-cv-analyzer,0.62285076918425,5.5921603487228815,2.29179553055841,128.0,1.0000000000000002,1
0.7833333333333333,elastic-workbench-pc-visualizer,0.7956007690674031,240.23543997488616,1.0,60.0,-1.0,1
0.7833333333333333,elastic-workbench-qr-detector,0.9075366363156183,1659.3178879750626,8.0,229.27648927240895,-1.0,1
0.7833333333333333,elastic-workbench-cv-analyzer,0.9404995982430457,6.638306992040078,8.0,288.26921393585314,2.399960757378912,1
0.7833333333333333,elastic-workbench-pc-visualizer,0.9059645270969876,496.83356923910304,7.999999999999999,13.056259116432267,-1.0,1
0.7833333333333333,elastic-workbench-qr-detector,0.886848270117403,270.14277412818547,1.0,1000.0,-1.0,1
0.7833333333333333,elastic-workbench-cv-analyzer,0.8686361123633344,3.115366175987611,1.0000000000000027,128.0,1.0,1
0.7833333333333333,elastic-workbench-pc-visualizer,0.9068693941438993,240.23543997488616,1.0,60.0,-1.0,1
0.7833333333333333,elastic-workbench-qr-detector,0.7173859170007129,270.14277412818547,1.0,1000.0,-1.0,1
0.7833333333333333,elastic-workbench-cv-analyzer,0.8499695307009614,5.500204210605036,8.0,299.03374564054917,2.7821863893692322,1
0.7833333333333333,elastic-workbench-pc-visualizer,0.8700523188643726,330.63178339264437,8.0,60.0,-1.0,1
0.8,elastic-workbench-qr-detector,0.6593424685837841,269.4523382232351,1.0,1000.0,-1.0,1
0.8,elastic-workbench-cv-analyzer,0.6118547018366408,6.14971621014363,8.0,294.1588366805455,2.5472605075528105,1
0.8,elastic-workbench-pc-visualizer,0.7957634351845906,240.39515625124744,1.0,60.0,-1.0,1
0.8,elastic-workbench-qr-detector,0.9075005794256239,1659.3307066252305,7.999999999975388,228.66898764365249,-1.0,1
0.8,elastic-workbench-cv-analyzer,0.940383977017472,6.638417770866973,8.0,289.63981879748445,2.380999538095392,1
0.8,elastic-workbench-pc-visualizer,0.9316501297623639,460.39458387275164,1.0,6.0,-1.0,1
0.8,elastic-workbench-qr-detector,0.8868314087786613,269.4523382232351,1.0,1000.0,-1.0,1
0.8,elastic-workbench-cv-analyzer,0.8684675904608138,1.0020939822609538,1.0,129.5346121417221,3.3176815483063886,1
0.8,elastic-workbench-pc-visualizer,0.906893315631721,240.39515625124739,1.0,59.99999999999998,-1.0,1
0.8,elastic-workbench-qr-detector,0.7172847489682627,269.4523382232351,1.0,1000.0,-1.0,1
0.8,elastic-workbench-cv-analyzer,0.8495145169865698,5.473892053897586,8.0,300.42226315049396,2.7831341017547633,1
0.8,elastic-workbench-pc-visualizer,0.870069488139497,330.65307587372115,8.0,59.99999999999999,-1.0,1
0.8166666666666667,elastic-workbench-qr-detector,0.6592466435811424,268.8742071903589,1.0,1000.0,-1.0,1
0.8166666666666667,elastic-workbench-cv-analyzer,0.6220608627917998,5.5727764532881165,2.291566457040812,128.00000000000202,1.0000000000000027,1
0.8166666666666667,elastic-workbench-pc-visualizer,0.795913878623691,240.54286450781848,1.0,60.0,-1.0,1
0.8166666666666667,elastic-workbench-qr-detector,0.9074698701587026,1659.5460110907102,8.0,228.10270853302004,-1.0,1
0.8166666666666667,elastic-workbench-cv-analyzer,0.9403750675126247,6.638419106539045,8.0,289.8186505020459,2.379237543246697,1
0.8166666666666667,elastic-workbench-pc-visualizer,0.9315901796951013,460.3185441874451,1.0000000000000018,6.0,-1.0,1
0.8166666666666667,elastic-workbench-qr-detector,0.886817316866508,268.8742071903589,1.0,1000.0,-1.0,1
0.8166666666666667,elastic-workbench-cv-analyzer,0.6758756287425626,1.0000015972597636,2.187186086240772,319.99317420819284,2.7785190061682643,1
0.8166666666666667,elastic-workbench-pc-visualizer,0.9069154396668828,240.54286450781848,1.0,60.0,-1.0,1
0.8166666666666667,elastic-workbench-qr-detector,0.7172001974953435,268.87420719035936,1.0000000000000002,1000.0,-1.0,1
0.8166666666666667,elastic-workbench-cv-analyzer,0.8494641710425892,5.471490621631121,8.0,300.55359945781936,2.7831447043567565,1
0.8166666666666667,elastic-workbench-pc-visualizer,0.8700853656320809,330.6727675127307,8.0,60.0,-1.0,1
0.8333333333333334,elastic-workbench-qr-detector,0.6591647312823604,268.3792171743494,1.0,1000.0,-1.0,1
0.8333333333333334,elastic-workbench-cv-analyzer,0.6219204836358871,5.57169260723631,2.2927841975976584,128.0,1.0,1
0.8333333333333334,elastic-workbench-pc-visualizer,0.7960534270193687,240.67986988842648,1.0,60.0,-1.0,1
0.8333333333333334,elastic-workbench-qr-detector,0.9074399897380626,1659.3465344316996,8.0,227.6470588752095,-1.0,1
0.8333333333333334,elastic-workbench-cv-analyzer,0.9403475405587182,6.639351084355312,8.0,290.007400238964,2.375033162024575,1
0.8333333333333334,elastic-workbench-pc-visualizer,0.9315344796584268,460.2480143046349,1.0,6.0,-1.0,1
0.8333333333333334,elastic-workbench-qr-detector,0.8868052709402163,268.37921717434824,1.0000000000000002,999.9999999999995,-1.0,1
0.8333333333333334,elastic-workbench-cv-analyzer,0.8636641135195111,1.0005985044184422,1.0000000000029263,181.68970499009538,1.9678016510678258,1
0.8333333333333334,elastic-workbench-pc-visualizer,0.9069359614897766,240.67986988842648,1.0,60.0,-1.0,1
0.8333333333333334,elastic-workbench-qr-detector,0.7171279219375946,268.3792171743494,1.0000000000000002,1000.0,-1.0,1
0.8333333333333334,elastic-workbench-cv-analyzer,0.8493262047521163,5.466727291088315,7.999999999999999,300.78308064927086,2.7829080646560627,1
0.8333333333333334,elastic-workbench-pc-visualizer,0.8701000918431137,330.69103230415453,8.0,60.0,-1.0,1
0.85,elastic-workbench-qr-detector,0.6590695526337371,267.8031313124377,1.0,1000.0,-1.0,1
0.85,elastic-workbench-cv-analyzer,0.621504132402684,5.563020068824382,2.2934375479929243,128.0,1.0,1
0.85,elastic-workbench-pc-visualizer,0.7961816876872859,240.80578829362196,1.0,60.0,-1.0,1
0.85,elastic-workbench-qr-detector,0.9074064149630094,1659.4140300526578,7.999999999999993,227.0654855162222,-1.0,1
0.85,elastic-workbench-cv-analyzer,0.9402445028561085,6.638286177153172,8.0,290.0120304769933,2.3640303711577495,1
0.85,elastic-workbench-pc-visualizer,0.9314775930635093,460.1760997619625,1.0,6.000000000000106,-1.0,1
0.85,elastic-workbench-qr-detector,0.8867912740801225,267.80313131243486,1.0000000000000169,999.9999999999987,-1.0,1
0.85,elastic-workbench-cv-analyzer,0.8686838639491901,3.1196286330251537,1.0000000000000004,128.00000000000003,1.0000000000000016,1
0.85,elastic-workbench-pc-visualizer,0.9069548233527054,240.80578829362196,1.0000000000000007,60.0,-1.0,1
0.85,elastic-workbench-qr-detector,0.7170439407770446,267.80313131243724,1.0000000000000009,999.9999999999997,-1.0,1
0.85,elastic-workbench-cv-analyzer,0.84871835392699,5.448207888392296,7.999999999999999,301.6153364332245,2.781615248189576,1
0.85,elastic-workbench-pc-visualizer,0.8700848489479738,330.67212669138496,8.0,60.0,-1.0,1
0.8666666666666667,elastic-workbench-qr-detector,0.6590002626267762,267.38311010976884,1.0,1000.0,-1.0,1
0.8666666666666667,elastic-workbench-cv-analyzer,0.6205691949869844,5.5415090217201435,2.293675711586462,128.00000000000009,1.0,1
0.8666666666666667,elastic-workbench-pc-visualizer,0.7963028122781884,240.92469664941933,1.0,60.0,-1.0,1
0.8666666666666667,elastic-workbench-qr-detector,0.9073787828671114,1659.1354209496517,8.0,226.66660037523278,-1.0,1
0.8666666666666667,elastic-workbench-cv-analyzer,0.9398699340437496,6.636826827909449,8.0,291.8136902556031,2.3159778036645338,1
0.8666666666666667,elastic-workbench-pc-visualizer,0.9061420879671461,496.73756053415315,8.0,13.27135110094191,-1.0,1
0.8666666666666667,elastic-workbench-qr-detector,0.8867810843732189,267.38311010976884,1.0,1000.0,-1.0,1
0.8666666666666667,elastic-workbench-cv-analyzer,0.8645275986402401,1.0011212909649823,1.000000000000003,174.77364847403055,2.145357320784902,1
0.8666666666666667,elastic-workbench-pc-visualizer,0.9069726357925443,240.92469664941933,1.0,60.0,-1.0,1
0.8666666666666667,elastic-workbench-qr-detector,0.7169828025356086,267.38311010976884,1.0000000000000027,1000.0,-1.0,1
0.8666666666666667,elastic-workbench-cv-analyzer,0.8460999783051282,5.39130260722108,8.0,303.7313422490998,2.7728171996720765,1
0.8666666666666667,elastic-workbench-pc-visualizer,0.870098567136724,330.6891411794634,8.0,59.99999999999999,-1.0,1
0.8833333333333333,elastic-workbench-qr-detector,0.6589329156873085,266.97435526051447,1.0,999.9999999998448,-1.0,1
0.8833333333333333,elastic-workbench-cv-analyzer,0.6206373796024186,5.543021036563856,2.293633224080277,128.0,1.0,1
0.8833333333333333,elastic-workbench-pc-visualizer,0.6486331571929027,460.0581215896244,1.0,6.0,-1.0,1
0.8833333333333333,elastic-workbench-qr-detector,0.9073547322405032,1659.370764099602,8.0,226.20333583507193,-1.0,1
0.8833333333333333,elastic-workbench-cv-analyzer,0.9398805216342014,6.636862464578938,8.0,291.5852015406546,2.3180421487526166,1
0.8833333333333333,elastic-workbench-pc-visualizer,0.9061713741237447,496.75658104914737,7.999999999999999,13.30378260126422,-1.0,1
0.8833333333333333,elastic-workbench-qr-detector,0.8867711804115392,266.97435526079573,1.0,999.9999999999998,-1.0,1
0.8833333333333333,elastic-workbench-cv-analyzer,0.8239587042791423,1.0000635194737963,1.3130510692471897,198.84728381194012,2.1960028003331846,1
0.8833333333333333,elastic-workbench-pc-visualizer,0.9069892841895135,241.03583062639825,1.0,60.0,-1.0,1
0.8833333333333333,elastic-workbench-qr-detector,0.7169233787655308,266.9743552607956,1.0000000000000002,1000.0,-1.0,1
0.8833333333333333,elastic-workbench-cv-analyzer,0.8461175537983683,5.394632718141038,8.0,303.5480011275788,2.772141931210685,1
0.8833333333333333,elastic-workbench-pc-visualizer,0.8701113878047324,330.7050432387729,8.0,60.0,-1.0,1
0.9,elastic-workbench-qr-detector,0.6588686229406845,266.58366441504575,1.0,999.9999999999999,-1.0,1
0.9,elastic-workbench-cv-analyzer,0.6202153175568669,5.531998862435053,2.29296022621186,128.0,1.0000000000000007,1
0.9,elastic-workbench-pc-visualizer,0.7965207957899705,241.13868136246947,1.0000000000000078,59.99999999999978,-1.0,1
0.9,elastic-workbench-qr-detector,0.9073334380978274,1659.379692112816,8.0,225.84108728756019,-1.0,1
0.9,elastic-workbench-cv-analyzer,0.9396310879439473,6.635767371061929,8.0,292.2814818651041,2.2884725704096214,1
0.9,elastic-workbench-pc-visualizer,0.9061971980869138,496.7493094411103,7.9999999999999964,13.334274311735815,-1.0,1
0.9,elastic-workbench-qr-detector,0.8867617255958524,266.583664415046,1.0,1000.0,-1.0,1
0.9,elastic-workbench-cv-analyzer,0.7328084590672596,1.000021221336529,1.8737285172676836,270.65914758894456,2.2480522865174266,1
0.9,elastic-workbench-pc-visualizer,0.9070046921913361,241.13868136247106,1.0,60.0,-1.0,1
0.9,elastic-workbench-qr-detector,0.71686664987141,266.583664415046,1.0,1000.0,-1.0,1
0.9,elastic-workbench-cv-analyzer,0.8442487769552505,5.35967406651274,8.0,304.66731116373535,2.7653956396555204,1
0.9,elastic-workbench-pc-visualizer,0.8700971671343345,330.6874047367862,8.0,60.0,-1.0,1
0.9166666666666666,elastic-workbench-qr-detector,0.6588067959421723,266.2075195766878,1.0,1000.0,-1.0,1
0.9166666666666666,elastic-workbench-cv-analyzer,0.6202784697993421,5.534331980464676,2.29344271340874,128.0,1.0,1
0.9166666666666666,elastic-workbench-pc-visualizer,0.7967122908006468,241.32665275599783,1.0000000000000016,60.0,-1.0,1
0.9166666666666666,elastic-workbench-qr-detector,0.9073143028663431,1659.372696089309,8.0,225.5188176529611,-1.0,1
0.9166666666666666,elastic-workbench-cv-analyzer,0.9397387815485817,6.6362437695411725,8.0,291.99929232328475,2.301138075791809,1
0.9166666666666666,elastic-workbench-pc-visualizer,0.931263379258172,459.9063537992655,1.000000000000003,6.0,-1.0,1
0.9166666666666666,elastic-workbench-qr-detector,0.8867526333901887,266.20751957668745,1.0000000000000002,999.9999999999998,-1.0,1
0.9166666666666666,elastic-workbench-cv-analyzer,0.8687874838964023,3.1288756820053294,1.0,128.00000000000173,1.0000000000000635,1
0.9166666666666666,elastic-workbench-pc-visualizer,0.9070328532223175,241.32665275599794,1.0,60.0,-1.0,1
0.9166666666666666,elastic-workbench-qr-detector,0.7168120966374286,266.2075195766878,1.0,1000.0,-1.0,1
0.9166666666666666,elastic-workbench-cv-analyzer,0.8452068883662514,5.370915008649622,8.0,304.472439091178,2.7705229031736756,1
0.9166666666666666,elastic-workbench-pc-visualizer,0.8700457728962554,330.62366575234626,8.0,60.0,-1.0,1
0.9333333333333333,elastic-workbench-qr-detector,0.6587472722857319,265.84498073012344,1.0000000000000007,999.9999999999995,-1.0,1
0.9333333333333333,elastic-workbench-cv-analyzer,0.620361424887203,5.537910196120456,2.2943568409774864,128.00000000000003,1.0,1
0.9333333333333333,elastic-workbench-pc-visualizer,0.6485633495047411,459.82595951455244,1.0000000000000004,6.000000000000003,-1.0,1
0.9333333333333333,elastic-workbench-qr-detector,0.9072947875073738,1659.3780878395332,8.0,225.18682579976183,-1.0,1
0.9333333333333333,elastic-workbench-cv-analyzer,0.9398926386039903,6.6368278626363475,8.0,292.73911466852536,2.314807467398302,1
0.9333333333333333,elastic-workbench-pc-visualizer,0.9311992802794347,459.8259595145525,1.0000000000000002,6.0,-1.0,1
0.9333333333333333,elastic-workbench-qr-detector,0.8867438799113007,265.84498073012446,1.0,1000.0,-1.0,1
0.9333333333333333,elastic-workbench-cv-analyzer,0.815322854742053,1.0000641254974418,1.3666734627532886,215.48633320774024,1.9772060176511899,1
0.9333333333333333,elastic-workbench-pc-visualizer,0.9070593980876321,241.50382745119884,1.0,60.0,-1.0,1
0.9333333333333333,elastic-workbench-qr-detector,0.7167595757640992,265.84498073012446,1.0,1000.0,-1.0,1
0.9333333333333333,elastic-workbench-cv-analyzer,0.8465690960073431,5.38944928525198,8.0,304.2496335304139,2.7767223701140784,1
0.9333333333333333,elastic-workbench-pc-visualizer,0.8700277026743907,330.601257895701,8.0,60.0,-1.0,1
0.95,elastic-workbench-qr-detector,0.6587038603279941,265.58032009657177,1.000000000000002,999.9999999999991,-1.0,1
0.95,elastic-workbench-cv-analyzer,0.6195569965623569,5.521370425949889,2.2954916583613594,128.0,1.0,1
0.95,elastic-workbench-pc-visualizer,0.7971638791112838,241.76989309248876,1.0,60.0,-1.0,1
0.95,elastic-workbench-qr-detector,0.9072790809723146,1659.3956542177611,7.999999999999998,224.91622588876183,-1.0,1
0.95,elastic-workbench-cv-analyzer,0.9397611988575039,6.636021815431041,8.0,294.16737857309,2.295371880134243,1
0.95,elastic-workbench-pc-visualizer,0.9311247002219164,459.73260404553884,1.0,6.0,-1.0,1
0.95,elastic-workbench-qr-detector,0.8867374957998686,265.5803200965739,1.0,1000.0,-1.0,1
0.95,elastic-workbench-cv-analyzer,0.7764793866672429,1.000004783784476,1.6113554916910902,293.0546117143206,1.5978692135784025,1
0.95,elastic-workbench-pc-visualizer,0.9070992632679994,241.76989309248876,1.0,60.0,-1.0,1
0.95,elastic-workbench-qr-detector,0.7167212710955071,265.5803200965737,1.0000000000000009,999.9999999999999,-1.0,1
0.95,elastic-workbench-cv-analyzer,0.8462927875220496,5.356688673653649,8.0,306.2531724725676,2.782546237450447,1
0.95,elastic-workbench-pc-visualizer,0.8700404749018522,330.6170958603647,7.999999999999997,60.0,-1.0,1
0.9666666666666667,elastic-workbench-qr-detector,0.6586669747680851,265.35527951641245,1.0,1000.0,-1.0,1
0.9666666666666667,elastic-workbench-cv-analyzer,0.6208200556943877,5.542418412274626,2.290956718179308,128.0,1.0,1
0.9666666666666667,elastic-workbench-pc-visualizer,0.7974193405140029,242.0206089693121,1.0,60.0,-1.0,1
0.9666666666666667,elastic-workbench-qr-detector,0.9072624168698266,1659.409925934895,7.999999999999999,224.62993768870996,-1.0,1
0.9666666666666667,elastic-workbench-cv-analyzer,0.9399805858263897,6.637650886972696,8.0,291.5590774328759,2.3288008215252773,1
0.9666666666666667,elastic-workbench-pc-visualizer,0.9310542782851919,459.64463440708516,1.0000000000000029,6.0,-1.0,1
0.9666666666666667,elastic-workbench-qr-detector,0.8867320714528232,265.35527951641245,1.0,1000.0,-1.0,1
0.9666666666666667,elastic-workbench-cv-analyzer,0.8687407514237498,3.1247056736115786,1.0000000000000013,128.0,1.0000000000000029,1
0.9666666666666667,elastic-workbench-pc-visualizer,0.9071368311213405,242.0206089693121,1.0,60.0,-1.0,1
0.9666666666666667,elastic-workbench-qr-detector,0.716688725013234,265.3552795164121,1.0000000000000022,999.9999999999998,-1.0,1
0.9666666666666667,elastic-workbench-cv-analyzer,0.8469035353309862,5.4078793961370915,8.0,303.18491247932906,2.775417010954154,1
0.9666666666666667,elastic-workbench-pc-visualizer,0.8700525097455328,330.632020106788,7.9999999999999964,60.0,-1.0,1
0.9833333333333333,elastic-workbench-qr-detector,0.6586204597952365,265.0712686577515,1.0,999.9999999999997,-1.0,1
0.9833333333333333,elastic-workbench-cv-analyzer,0.620791169195576,5.549364007629704,2.2951421543810273,128.00000000000324,1.0,1
0.9833333333333333,elastic-workbench-pc-visualizer,0.7976642086612578,242.2609132873215,1.0,60.0,-1.0,1
0.9833333333333333,elastic-workbench-qr-detector,0.9072433669926423,1659.4072945412177,8.0,224.30688448676221,-1.0,1
0.9833333333333333,elastic-workbench-cv-analyzer,0.9399732249986655,6.638467992014128,8.0,291.91965476762147,2.326231691208264,1
0.9833333333333333,elastic-workbench-pc-visualizer,0.9063794513989578,496.6940989945539,8.0,13.548427735843054,-1.0,1
0.9833333333333333,elastic-workbench-qr-detector,0.8867252310156396,265.0712686577524,1.0,1000.0,-1.0,1
0.9833333333333333,elastic-workbench-cv-analyzer,0.8620295272339203,1.0000453846009218,1.0000000000037297,195.50627293219543,1.6219088860725681,1
0.9833333333333333,elastic-workbench-pc-visualizer,0.9071728411429956,242.2609132873215,1.0,60.0,-1.0,1
0.9833333333333333,elastic-workbench-qr-detector,0.7166476823901325,265.0712686577524,1.0000000000000004,1000.0,-1.0,1
0.9833333333333333,elastic-workbench-cv-analyzer,0.8468670246296344,5.405234589991895,8.0,303.3027884496358,2.7757948195853333,1
0.9833333333333333,elastic-workbench-pc-visualizer,0.8700046641517707,330.5726912270077,8.0,60.0,-1.0,1
1.0,elastic-workbench-qr-detector,0.6585807118407684,264.82838016314463,1.0,1000.0,-1.0,1
1.0,elastic-workbench-cv-analyzer,0.6198296205862958,5.52800056980017,2.295688914348717,128.00000000000006,1.0000000000000002,1
1.0,elastic-workbench-pc-visualizer,0.7979894162837713,242.58003766812385,1.0,60.0,-1.0,1
1.0,elastic-workbench-qr-detector,0.9072288772949804,1659.4046249640892,8.0,224.06111106910947,-1.0,1
1.0,elastic-workbench-cv-analyzer,0.9398325021868466,6.63677048676301,8.0,293.78593118678873,2.3042681926975135,1
1.0,elastic-workbench-pc-visualizer,0.9309010343355391,459.45380700665703,1.0,6.0,-1.0,1
1.0,elastic-workbench-qr-detector,0.886719385728217,264.8283801631442,1.0000000000000049,1000.0,-1.0,1
1.0,elastic-workbench-cv-analyzer,0.8621096792304533,1.0004851064411984,1.0,194.96058360537427,1.6372134391595592,1
1.0,elastic-workbench-pc-visualizer,0.9072206657933652,242.58003766812385,1.0,60.0,-1.0,1
1.0,elastic-workbench-qr-detector,0.7166126106656017,264.82838016314463,1.0,1000.0,-1.0,1
1.0,elastic-workbench-cv-analyzer,0.846577432237064,5.371135304520788,7.999999999999999,305.39878736110234,2.7813659896634335,1
1.0,elastic-workbench-pc-visualizer,0.8700237550369074,330.5963628468579,8.0,60.0,-1.0,1
