data_rate,rep,service_type,slo_set,p_fitness,dist,cores,data_quality,model_size
0.2,1,elastic-workbench-qr-detector,DEFAULT,0.3971448841682468,"(np.float64(1265.889898018417), np.float64(130.2469790117025))",5.297470894368591,219.55281237731975,-1.0
0.2,1,elastic-workbench-cv-analyzer,DEFAULT,0.4607539692756003,"(np.float64(9.353350431244893), np.float64(5.077981146480676))",1.1901774627854427,209.15003612602862,1.0814835498660458
0.2,1,elastic-workbench-pc-visualizer,DEFAULT,0.7387494393498506,"(np.float64(190.32850077801834), np.float64(21.657527198569923))",1.0000000000000002,43.85911211784503,-1.0
0.2,2,elastic-workbench-qr-detector,DEFAULT,0.3971448841682468,"(np.float64(1265.889898018417), np.float64(130.2469790117025))",5.297470894368591,219.55281237731975,-1.0
0.2,2,elastic-workbench-cv-analyzer,DEFAULT,0.4607539692756003,"(np.float64(9.353350431244893), np.float64(5.077981146480676))",1.1901774627854427,209.15003612602862,1.0814835498660458
0.2,2,elastic-workbench-pc-visualizer,DEFAULT,0.7387494393498506,"(np.float64(190.32850077801834), np.float64(21.657527198569923))",1.0000000000000002,43.85911211784503,-1.0
0.2,3,elastic-workbench-qr-detector,DEFAULT,0.3971448841682468,"(np.float64(1265.889898018417), np.float64(130.2469790117025))",5.297470894368591,219.55281237731975,-1.0
0.2,3,elastic-workbench-cv-analyzer,DEFAULT,0.4607539692756003,"(np.float64(9.353350431244893), np.float64(5.077981146480676))",1.1901774627854427,209.15003612602862,1.0814835498660458
0.2,3,elastic-workbench-pc-visualizer,DEFAULT,0.7387494393498506,"(np.float64(190.32850077801834), np.float64(21.657527198569923))",1.0000000000000002,43.85911211784503,-1.0
0.2,4,elastic-workbench-qr-detector,DEFAULT,0.3971448841682468,"(np.float64(1265.889898018417), np.float64(130.2469790117025))",5.297470894368591,219.55281237731975,-1.0
0.2,4,elastic-workbench-cv-analyzer,DEFAULT,0.4607539692756003,"(np.float64(9.353350431244893), np.float64(5.077981146480676))",1.1901774627854427,209.15003612602862,1.0814835498660458
0.2,4,elastic-workbench-pc-visualizer,DEFAULT,0.7387494393498506,"(np.float64(190.32850077801834), np.float64(21.657527198569923))",1.0000000000000002,43.85911211784503,-1.0
0.2,5,elastic-workbench-qr-detector,DEFAULT,0.3971448841682468,"(np.float64(1265.889898018417), np.float64(130.2469790117025))",5.297470894368591,219.55281237731975,-1.0
0.2,5,elastic-workbench-cv-analyzer,DEFAULT,0.4607539692756003,"(np.float64(9.353350431244893), np.float64(5.077981146480676))",1.1901774627854427,209.15003612602862,1.0814835498660458
0.2,5,elastic-workbench-pc-visualizer,DEFAULT,0.7387494393498506,"(np.float64(190.32850077801834), np.float64(21.657527198569923))",1.0000000000000002,43.85911211784503,-1.0
0.2,1,elastic-workbench-qr-detector,HIGH_PERF,0.7820760263934498,"(np.float64(1320.8162868300128), np.float64(110.35909349679073))",5.97419888160318,195.0809664149878,-1.0
0.2,1,elastic-workbench-cv-analyzer,HIGH_PERF,0.37217006448484213,"(np.float64(19.665866006111248), np.float64(5.213033958688175))",8.0,128.0,1.0
0.2,1,elastic-workbench-pc-visualizer,HIGH_PERF,0.9312430377141594,"(np.float64(336.80460173467367), np.float64(20.404627327899867))",1.062925328837813,10.884874777930719,-1.0
0.2,2,elastic-workbench-qr-detector,HIGH_PERF,0.7820760263934498,"(np.float64(1320.8162868300128), np.float64(110.35909349679073))",5.97419888160318,195.0809664149878,-1.0
0.2,2,elastic-workbench-cv-analyzer,HIGH_PERF,0.37217006448484213,"(np.float64(19.665866006111248), np.float64(5.213033958688175))",8.0,128.0,1.0
0.2,2,elastic-workbench-pc-visualizer,HIGH_PERF,0.9312430377141594,"(np.float64(336.80460173467367), np.float64(20.404627327899867))",1.062925328837813,10.884874777930719,-1.0
0.2,3,elastic-workbench-qr-detector,HIGH_PERF,0.7820760263934498,"(np.float64(1320.8162868300128), np.float64(110.35909349679073))",5.97419888160318,195.0809664149878,-1.0
0.2,3,elastic-workbench-cv-analyzer,HIGH_PERF,0.37217006448484213,"(np.float64(19.665866006111248), np.float64(5.213033958688175))",8.0,128.0,1.0
0.2,3,elastic-workbench-pc-visualizer,HIGH_PERF,0.9312430377141594,"(np.float64(336.80460173467367), np.float64(20.404627327899867))",1.062925328837813,10.884874777930719,-1.0
0.2,4,elastic-workbench-qr-detector,HIGH_PERF,0.7820760263934498,"(np.float64(1320.8162868300128), np.float64(110.35909349679073))",5.97419888160318,195.0809664149878,-1.0
0.2,4,elastic-workbench-cv-analyzer,HIGH_PERF,0.37217006448484213,"(np.float64(19.665866006111248), np.float64(5.213033958688175))",8.0,128.0,1.0
0.2,4,elastic-workbench-pc-visualizer,HIGH_PERF,0.9312430377141594,"(np.float64(336.80460173467367), np.float64(20.404627327899867))",1.062925328837813,10.884874777930719,-1.0
0.2,5,elastic-workbench-qr-detector,HIGH_PERF,0.7820760263934498,"(np.float64(1320.8162868300128), np.float64(110.35909349679073))",5.97419888160318,195.0809664149878,-1.0
0.2,5,elastic-workbench-cv-analyzer,HIGH_PERF,0.37217006448484213,"(np.float64(19.665866006111248), np.float64(5.213033958688175))",8.0,128.0,1.0
0.2,5,elastic-workbench-pc-visualizer,HIGH_PERF,0.9312430377141594,"(np.float64(336.80460173467367), np.float64(20.404627327899867))",1.062925328837813,10.884874777930719,-1.0
0.2,1,elastic-workbench-qr-detector,LOW_COST,0.875012496446653,"(np.float64(331.80462401828083), np.float64(201.07577196976058))",1.0000000000042215,335.81115660218086,-1.0
0.2,1,elastic-workbench-cv-analyzer,LOW_COST,0.7012340475005288,"(np.float64(9.345051944913592), np.float64(5.072961036837317))",2.60896176230641,149.21726368887917,2.214001139195449
0.2,1,elastic-workbench-pc-visualizer,LOW_COST,0.9247373011953053,"(np.float64(189.6166240933058), np.float64(22.159413156157324))",1.0,44.21664420694229,-1.0
0.2,2,elastic-workbench-qr-detector,LOW_COST,0.875012496446653,"(np.float64(331.80462401828083), np.float64(201.07577196976058))",1.0000000000042215,335.81115660218086,-1.0
0.2,2,elastic-workbench-cv-analyzer,LOW_COST,0.7012340475005288,"(np.float64(9.345051944913592), np.float64(5.072961036837317))",2.60896176230641,149.21726368887917,2.214001139195449
0.2,2,elastic-workbench-pc-visualizer,LOW_COST,0.9247373011953053,"(np.float64(189.6166240933058), np.float64(22.159413156157324))",1.0,44.21664420694229,-1.0
0.2,3,elastic-workbench-qr-detector,LOW_COST,0.875012496446653,"(np.float64(331.80462401828083), np.float64(201.07577196976058))",1.0000000000042215,335.81115660218086,-1.0
0.2,3,elastic-workbench-cv-analyzer,LOW_COST,0.7012340475005288,"(np.float64(9.345051944913592), np.float64(5.072961036837317))",2.60896176230641,149.21726368887917,2.214001139195449
0.2,3,elastic-workbench-pc-visualizer,LOW_COST,0.9247373011953053,"(np.float64(189.6166240933058), np.float64(22.159413156157324))",1.0,44.21664420694229,-1.0
0.2,4,elastic-workbench-qr-detector,LOW_COST,0.875012496446653,"(np.float64(331.80462401828083), np.float64(201.07577196976058))",1.0000000000042215,335.81115660218086,-1.0
0.2,4,elastic-workbench-cv-analyzer,LOW_COST,0.7012340475005288,"(np.float64(9.345051944913592), np.float64(5.072961036837317))",2.60896176230641,149.21726368887917,2.214001139195449
0.2,4,elastic-workbench-pc-visualizer,LOW_COST,0.9247373011953053,"(np.float64(189.6166240933058), np.float64(22.159413156157324))",1.0,44.21664420694229,-1.0
0.2,5,elastic-workbench-qr-detector,LOW_COST,0.875012496446653,"(np.float64(331.80462401828083), np.float64(201.07577196976058))",1.0000000000042215,335.81115660218086,-1.0
0.2,5,elastic-workbench-cv-analyzer,LOW_COST,0.7012340475005288,"(np.float64(9.345051944913592), np.float64(5.072961036837317))",2.60896176230641,149.21726368887917,2.214001139195449
0.2,5,elastic-workbench-pc-visualizer,LOW_COST,0.9247373011953053,"(np.float64(189.6166240933058), np.float64(22.159413156157324))",1.0,44.21664420694229,-1.0
0.2,1,elastic-workbench-qr-detector,HIGH_QUALITY,0.6437460984162655,"(np.float64(137.51031211517423), np.float64(82.98115076711869))",7.986044331249886,919.6278586182024,-1.0
0.2,1,elastic-workbench-cv-analyzer,HIGH_QUALITY,0.4560750424176815,"(np.float64(7.990442052248145), np.float64(4.249453535250546))",5.47257964515876,211.0990913689388,2.354258012589024
0.2,1,elastic-workbench-pc-visualizer,HIGH_QUALITY,0.7888081597965906,"(np.float64(177.95723886999596), np.float64(9.951056126180225))",7.994758253577013,57.12388730958959,-1.0
0.2,2,elastic-workbench-qr-detector,HIGH_QUALITY,0.6437460984162655,"(np.float64(137.51031211517423), np.float64(82.98115076711869))",7.986044331249886,919.6278586182024,-1.0
0.2,2,elastic-workbench-cv-analyzer,HIGH_QUALITY,0.4560750424176815,"(np.float64(7.990442052248145), np.float64(4.249453535250546))",5.47257964515876,211.0990913689388,2.354258012589024
0.2,2,elastic-workbench-pc-visualizer,HIGH_QUALITY,0.7888081597965906,"(np.float64(177.95723886999596), np.float64(9.951056126180225))",7.994758253577013,57.12388730958959,-1.0
0.2,3,elastic-workbench-qr-detector,HIGH_QUALITY,0.6437460984162655,"(np.float64(137.51031211517423), np.float64(82.98115076711869))",7.986044331249886,919.6278586182024,-1.0
0.2,3,elastic-workbench-cv-analyzer,HIGH_QUALITY,0.4560750424176815,"(np.float64(7.990442052248145), np.float64(4.249453535250546))",5.47257964515876,211.0990913689388,2.354258012589024
0.2,3,elastic-workbench-pc-visualizer,HIGH_QUALITY,0.7888081597965906,"(np.float64(177.95723886999596), np.float64(9.951056126180225))",7.994758253577013,57.12388730958959,-1.0
0.2,4,elastic-workbench-qr-detector,HIGH_QUALITY,0.6437460984162655,"(np.float64(137.51031211517423), np.float64(82.98115076711869))",7.986044331249886,919.6278586182024,-1.0
0.2,4,elastic-workbench-cv-analyzer,HIGH_QUALITY,0.4560750424176815,"(np.float64(7.990442052248145), np.float64(4.249453535250546))",5.47257964515876,211.0990913689388,2.354258012589024
0.2,4,elastic-workbench-pc-visualizer,HIGH_QUALITY,0.7888081597965906,"(np.float64(177.95723886999596), np.float64(9.951056126180225))",7.994758253577013,57.12388730958959,-1.0
0.2,5,elastic-workbench-qr-detector,HIGH_QUALITY,0.6437460984162655,"(np.float64(137.51031211517423), np.float64(82.98115076711869))",7.986044331249886,919.6278586182024,-1.0
0.2,5,elastic-workbench-cv-analyzer,HIGH_QUALITY,0.4560750424176815,"(np.float64(7.990442052248145), np.float64(4.249453535250546))",5.47257964515876,211.0990913689388,2.354258012589024
0.2,5,elastic-workbench-pc-visualizer,HIGH_QUALITY,0.7888081597965906,"(np.float64(177.95723886999596), np.float64(9.951056126180225))",7.994758253577013,57.12388730958959,-1.0
0.4,1,elastic-workbench-qr-detector,DEFAULT,0.43118104151187037,"(np.float64(94.12222061326261), np.float64(56.60548413791997))",2.3075438040221137,493.3418671848832,-1.0
0.4,1,elastic-workbench-cv-analyzer,DEFAULT,0.032291015625,"(np.float64(-5.075358315909144), np.float64(4.572138080022857))",1.0,320.0,4.0
0.4,1,elastic-workbench-pc-visualizer,DEFAULT,0.6864879994521169,"(np.float64(176.75670985691443), np.float64(25.584562628460723))",1.0,51.00159584822849,-1.0
0.4,2,elastic-workbench-qr-detector,DEFAULT,0.43118104151187037,"(np.float64(94.12222061326261), np.float64(56.60548413791997))",2.3075438040221137,493.3418671848832,-1.0
0.4,2,elastic-workbench-cv-analyzer,DEFAULT,0.032291015625,"(np.float64(-5.075358315909144), np.float64(4.572138080022857))",1.0,320.0,4.0
0.4,2,elastic-workbench-pc-visualizer,DEFAULT,0.6864879994521169,"(np.float64(176.75670985691443), np.float64(25.584562628460723))",1.0,51.00159584822849,-1.0
0.4,3,elastic-workbench-qr-detector,DEFAULT,0.43118104151187037,"(np.float64(94.12222061326261), np.float64(56.60548413791997))",2.3075438040221137,493.3418671848832,-1.0
0.4,3,elastic-workbench-cv-analyzer,DEFAULT,0.032291015625,"(np.float64(-5.075358315909144), np.float64(4.572138080022857))",1.0,320.0,4.0
0.4,3,elastic-workbench-pc-visualizer,DEFAULT,0.6864879994521169,"(np.float64(176.75670985691443), np.float64(25.584562628460723))",1.0,51.00159584822849,-1.0
0.4,4,elastic-workbench-qr-detector,DEFAULT,0.43118104151187037,"(np.float64(94.12222061326261), np.float64(56.60548413791997))",2.3075438040221137,493.3418671848832,-1.0
0.4,4,elastic-workbench-cv-analyzer,DEFAULT,0.032291015625,"(np.float64(-5.075358315909144), np.float64(4.572138080022857))",1.0,320.0,4.0
0.4,4,elastic-workbench-pc-visualizer,DEFAULT,0.6864879994521169,"(np.float64(176.75670985691443), np.float64(25.584562628460723))",1.0,51.00159584822849,-1.0
0.4,5,elastic-workbench-qr-detector,DEFAULT,0.43118104151187037,"(np.float64(94.12222061326261), np.float64(56.60548413791997))",2.3075438040221137,493.3418671848832,-1.0
0.4,5,elastic-workbench-cv-analyzer,DEFAULT,0.032291015625,"(np.float64(-5.075358315909144), np.float64(4.572138080022857))",1.0,320.0,4.0
0.4,5,elastic-workbench-pc-visualizer,DEFAULT,0.6864879994521169,"(np.float64(176.75670985691443), np.float64(25.584562628460723))",1.0,51.00159584822849,-1.0
0.4,1,elastic-workbench-qr-detector,HIGH_PERF,0.8237798283795578,"(np.float64(1477.8251412740483), np.float64(102.83962058922073))",7.338348617772863,100.0,-1.0
0.4,1,elastic-workbench-cv-analyzer,HIGH_PERF,0.838929024432943,"(np.float64(23.745951465732535), np.float64(1.6957985040682308))",7.925578922224445,174.1882913569137,1.0
0.4,1,elastic-workbench-pc-visualizer,HIGH_PERF,0.8705316074246616,"(np.float64(471.1929139017511), np.float64(16.69306168349991))",7.416526939105575,6.0,-1.0
0.4,2,elastic-workbench-qr-detector,HIGH_PERF,0.8237798283795578,"(np.float64(1477.8251412740483), np.float64(102.83962058922073))",7.338348617772863,100.0,-1.0
0.4,2,elastic-workbench-cv-analyzer,HIGH_PERF,0.838929024432943,"(np.float64(23.745951465732535), np.float64(1.6957985040682308))",7.925578922224445,174.1882913569137,1.0
0.4,2,elastic-workbench-pc-visualizer,HIGH_PERF,0.8705316074246616,"(np.float64(471.1929139017511), np.float64(16.69306168349991))",7.416526939105575,6.0,-1.0
0.4,3,elastic-workbench-qr-detector,HIGH_PERF,0.8237798283795578,"(np.float64(1477.8251412740483), np.float64(102.83962058922073))",7.338348617772863,100.0,-1.0
0.4,3,elastic-workbench-cv-analyzer,HIGH_PERF,0.838929024432943,"(np.float64(23.745951465732535), np.float64(1.6957985040682308))",7.925578922224445,174.1882913569137,1.0
0.4,3,elastic-workbench-pc-visualizer,HIGH_PERF,0.8705316074246616,"(np.float64(471.1929139017511), np.float64(16.69306168349991))",7.416526939105575,6.0,-1.0
0.4,4,elastic-workbench-qr-detector,HIGH_PERF,0.8237798283795578,"(np.float64(1477.8251412740483), np.float64(102.83962058922073))",7.338348617772863,100.0,-1.0
0.4,4,elastic-workbench-cv-analyzer,HIGH_PERF,0.838929024432943,"(np.float64(23.745951465732535), np.float64(1.6957985040682308))",7.925578922224445,174.1882913569137,1.0
0.4,4,elastic-workbench-pc-visualizer,HIGH_PERF,0.8705316074246616,"(np.float64(471.1929139017511), np.float64(16.69306168349991))",7.416526939105575,6.0,-1.0
0.4,5,elastic-workbench-qr-detector,HIGH_PERF,0.8237798283795578,"(np.float64(1477.8251412740483), np.float64(102.83962058922073))",7.338348617772863,100.0,-1.0
0.4,5,elastic-workbench-cv-analyzer,HIGH_PERF,0.838929024432943,"(np.float64(23.745951465732535), np.float64(1.6957985040682308))",7.925578922224445,174.1882913569137,1.0
0.4,5,elastic-workbench-pc-visualizer,HIGH_PERF,0.8705316074246616,"(np.float64(471.1929139017511), np.float64(16.69306168349991))",7.416526939105575,6.0,-1.0
0.4,1,elastic-workbench-qr-detector,LOW_COST,0.8699843556562639,"(np.float64(580.0183362295572), np.float64(120.37961596890392))",1.0000000002163758,100.00000000956861,-1.0
0.4,1,elastic-workbench-cv-analyzer,LOW_COST,0.5589146418528809,"(np.float64(4.673909194195986), np.float64(2.2332634360937926))",3.619388913331156,253.5580566788289,3.207326000892436
0.4,1,elastic-workbench-pc-visualizer,LOW_COST,0.9172210163405394,"(np.float64(176.3054556545306), np.float64(25.878608704880907))",1.0,51.17844926992773,-1.0
0.4,2,elastic-workbench-qr-detector,LOW_COST,0.8699843556562639,"(np.float64(580.0183362295572), np.float64(120.37961596890392))",1.0000000002163758,100.00000000956861,-1.0
0.4,2,elastic-workbench-cv-analyzer,LOW_COST,0.5589146418528809,"(np.float64(4.673909194195986), np.float64(2.2332634360937926))",3.619388913331156,253.5580566788289,3.207326000892436
0.4,2,elastic-workbench-pc-visualizer,LOW_COST,0.9172210163405394,"(np.float64(176.3054556545306), np.float64(25.878608704880907))",1.0,51.17844926992773,-1.0
0.4,3,elastic-workbench-qr-detector,LOW_COST,0.8699843556562639,"(np.float64(580.0183362295572), np.float64(120.37961596890392))",1.0000000002163758,100.00000000956861,-1.0
0.4,3,elastic-workbench-cv-analyzer,LOW_COST,0.5589146418528809,"(np.float64(4.673909194195986), np.float64(2.2332634360937926))",3.619388913331156,253.5580566788289,3.207326000892436
0.4,3,elastic-workbench-pc-visualizer,LOW_COST,0.9172210163405394,"(np.float64(176.3054556545306), np.float64(25.878608704880907))",1.0,51.17844926992773,-1.0
0.4,4,elastic-workbench-qr-detector,LOW_COST,0.8699843556562639,"(np.float64(580.0183362295572), np.float64(120.37961596890392))",1.0000000002163758,100.00000000956861,-1.0
0.4,4,elastic-workbench-cv-analyzer,LOW_COST,0.5589146418528809,"(np.float64(4.673909194195986), np.float64(2.2332634360937926))",3.619388913331156,253.5580566788289,3.207326000892436
0.4,4,elastic-workbench-pc-visualizer,LOW_COST,0.9172210163405394,"(np.float64(176.3054556545306), np.float64(25.878608704880907))",1.0,51.17844926992773,-1.0
0.4,5,elastic-workbench-qr-detector,LOW_COST,0.8699843556562639,"(np.float64(580.0183362295572), np.float64(120.37961596890392))",1.0000000002163758,100.00000000956861,-1.0
0.4,5,elastic-workbench-cv-analyzer,LOW_COST,0.5589146418528809,"(np.float64(4.673909194195986), np.float64(2.2332634360937926))",3.619388913331156,253.5580566788289,3.207326000892436
0.4,5,elastic-workbench-pc-visualizer,LOW_COST,0.9172210163405394,"(np.float64(176.3054556545306), np.float64(25.878608704880907))",1.0,51.17844926992773,-1.0
0.4,1,elastic-workbench-qr-detector,HIGH_QUALITY,0.6257788320144498,"(np.float64(123.42877665287281), np.float64(74.42347099368739))",6.778885419408864,855.3078823406601,-1.0
0.4,1,elastic-workbench-cv-analyzer,HIGH_QUALITY,0.6684861443410549,"(np.float64(11.448227552096254), np.float64(1.726467946209355))",4.978540098801594,258.876146971947,3.0622305027202574
0.4,1,elastic-workbench-pc-visualizer,HIGH_QUALITY,0.735981503731056,"(np.float64(177.7465329541402), np.float64(18.424682807656904))",2.8313503731955922,55.05137327225601,-1.0
0.4,2,elastic-workbench-qr-detector,HIGH_QUALITY,0.6257788320144498,"(np.float64(123.42877665287281), np.float64(74.42347099368739))",6.778885419408864,855.3078823406601,-1.0
0.4,2,elastic-workbench-cv-analyzer,HIGH_QUALITY,0.6684861443410549,"(np.float64(11.448227552096254), np.float64(1.726467946209355))",4.978540098801594,258.876146971947,3.0622305027202574
0.4,2,elastic-workbench-pc-visualizer,HIGH_QUALITY,0.735981503731056,"(np.float64(177.7465329541402), np.float64(18.424682807656904))",2.8313503731955922,55.05137327225601,-1.0
0.4,3,elastic-workbench-qr-detector,HIGH_QUALITY,0.6257788320144498,"(np.float64(123.42877665287281), np.float64(74.42347099368739))",6.778885419408864,855.3078823406601,-1.0
0.4,3,elastic-workbench-cv-analyzer,HIGH_QUALITY,0.6684861443410549,"(np.float64(11.448227552096254), np.float64(1.726467946209355))",4.978540098801594,258.876146971947,3.0622305027202574
0.4,3,elastic-workbench-pc-visualizer,HIGH_QUALITY,0.735981503731056,"(np.float64(177.7465329541402), np.float64(18.424682807656904))",2.8313503731955922,55.05137327225601,-1.0
0.4,4,elastic-workbench-qr-detector,HIGH_QUALITY,0.6257788320144498,"(np.float64(123.42877665287281), np.float64(74.42347099368739))",6.778885419408864,855.3078823406601,-1.0
0.4,4,elastic-workbench-cv-analyzer,HIGH_QUALITY,0.6684861443410549,"(np.float64(11.448227552096254), np.float64(1.726467946209355))",4.978540098801594,258.876146971947,3.0622305027202574
0.4,4,elastic-workbench-pc-visualizer,HIGH_QUALITY,0.735981503731056,"(np.float64(177.7465329541402), np.float64(18.424682807656904))",2.8313503731955922,55.05137327225601,-1.0
0.4,5,elastic-workbench-qr-detector,HIGH_QUALITY,0.6257788320144498,"(np.float64(123.42877665287281), np.float64(74.42347099368739))",6.778885419408864,855.3078823406601,-1.0
0.4,5,elastic-workbench-cv-analyzer,HIGH_QUALITY,0.6684861443410549,"(np.float64(11.448227552096254), np.float64(1.726467946209355))",4.978540098801594,258.876146971947,3.0622305027202574
0.4,5,elastic-workbench-pc-visualizer,HIGH_QUALITY,0.735981503731056,"(np.float64(177.7465329541402), np.float64(18.424682807656904))",2.8313503731955922,55.05137327225601,-1.0
0.6,1,elastic-workbench-qr-detector,DEFAULT,0.43812722184750513,"(np.float64(78.12906023355504), np.float64(46.886698961814815))",2.4424230744714075,525.0940223283776,-1.0
0.6,1,elastic-workbench-cv-analyzer,DEFAULT,0.3128677828060418,"(np.float64(6.725745549024443), np.float64(3.480582518600216))",4.40905086499365,182.38371024488873,1.8279143654740788
0.6,1,elastic-workbench-pc-visualizer,DEFAULT,0.7008626921647495,"(np.float64(183.20109881529862), np.float64(19.239299301163516))",1.0,51.07532258214775,-1.0
0.6,2,elastic-workbench-qr-detector,DEFAULT,0.43812722184750513,"(np.float64(78.12906023355504), np.float64(46.886698961814815))",2.4424230744714075,525.0940223283776,-1.0
0.6,2,elastic-workbench-cv-analyzer,DEFAULT,0.3128677828060418,"(np.float64(6.725745549024443), np.float64(3.480582518600216))",4.40905086499365,182.38371024488873,1.8279143654740788
0.6,2,elastic-workbench-pc-visualizer,DEFAULT,0.7008626921647495,"(np.float64(183.20109881529862), np.float64(19.239299301163516))",1.0,51.07532258214775,-1.0
0.6,3,elastic-workbench-qr-detector,DEFAULT,0.43812722184750513,"(np.float64(78.12906023355504), np.float64(46.886698961814815))",2.4424230744714075,525.0940223283776,-1.0
0.6,3,elastic-workbench-cv-analyzer,DEFAULT,0.3128677828060418,"(np.float64(6.725745549024443), np.float64(3.480582518600216))",4.40905086499365,182.38371024488873,1.8279143654740788
0.6,3,elastic-workbench-pc-visualizer,DEFAULT,0.7008626921647495,"(np.float64(183.20109881529862), np.float64(19.239299301163516))",1.0,51.07532258214775,-1.0
0.6,4,elastic-workbench-qr-detector,DEFAULT,0.43812722184750513,"(np.float64(78.12906023355504), np.float64(46.886698961814815))",2.4424230744714075,525.0940223283776,-1.0
0.6,4,elastic-workbench-cv-analyzer,DEFAULT,0.3128677828060418,"(np.float64(6.725745549024443), np.float64(3.480582518600216))",4.40905086499365,182.38371024488873,1.8279143654740788
0.6,4,elastic-workbench-pc-visualizer,DEFAULT,0.7008626921647495,"(np.float64(183.20109881529862), np.float64(19.239299301163516))",1.0,51.07532258214775,-1.0
0.6,5,elastic-workbench-qr-detector,DEFAULT,0.43812722184750513,"(np.float64(78.12906023355504), np.float64(46.886698961814815))",2.4424230744714075,525.0940223283776,-1.0
0.6,5,elastic-workbench-cv-analyzer,DEFAULT,0.3128677828060418,"(np.float64(6.725745549024443), np.float64(3.480582518600216))",4.40905086499365,182.38371024488873,1.8279143654740788
0.6,5,elastic-workbench-pc-visualizer,DEFAULT,0.7008626921647495,"(np.float64(183.20109881529862), np.float64(19.239299301163516))",1.0,51.07532258214775,-1.0
0.6,1,elastic-workbench-qr-detector,HIGH_PERF,0.844883941986101,"(np.float64(1503.7846417639194), np.float64(96.91479270869044))",6.429571331658644,100.0,-1.0
0.6,1,elastic-workbench-cv-analyzer,HIGH_PERF,0.7772823368655952,"(np.float64(21.687077781557694), np.float64(1.4862604496169505))",7.865808143408346,168.6190214608363,1.0
0.6,1,elastic-workbench-pc-visualizer,HIGH_PERF,0.9279304379139955,"(np.float64(496.46207399987327), np.float64(25.725067118062736))",1.0000000000000024,6.000000000000023,-1.0
0.6,2,elastic-workbench-qr-detector,HIGH_PERF,0.844883941986101,"(np.float64(1503.7846417639194), np.float64(96.91479270869044))",6.429571331658644,100.0,-1.0
0.6,2,elastic-workbench-cv-analyzer,HIGH_PERF,0.7772823368655952,"(np.float64(21.687077781557694), np.float64(1.4862604496169505))",7.865808143408346,168.6190214608363,1.0
0.6,2,elastic-workbench-pc-visualizer,HIGH_PERF,0.9279304379139955,"(np.float64(496.46207399987327), np.float64(25.725067118062736))",1.0000000000000024,6.000000000000023,-1.0
0.6,3,elastic-workbench-qr-detector,HIGH_PERF,0.844883941986101,"(np.float64(1503.7846417639194), np.float64(96.91479270869044))",6.429571331658644,100.0,-1.0
0.6,3,elastic-workbench-cv-analyzer,HIGH_PERF,0.7772823368655952,"(np.float64(21.687077781557694), np.float64(1.4862604496169505))",7.865808143408346,168.6190214608363,1.0
0.6,3,elastic-workbench-pc-visualizer,HIGH_PERF,0.9279304379139955,"(np.float64(496.46207399987327), np.float64(25.725067118062736))",1.0000000000000024,6.000000000000023,-1.0
0.6,4,elastic-workbench-qr-detector,HIGH_PERF,0.844883941986101,"(np.float64(1503.7846417639194), np.float64(96.91479270869044))",6.429571331658644,100.0,-1.0
0.6,4,elastic-workbench-cv-analyzer,HIGH_PERF,0.7772823368655952,"(np.float64(21.687077781557694), np.float64(1.4862604496169505))",7.865808143408346,168.6190214608363,1.0
0.6,4,elastic-workbench-pc-visualizer,HIGH_PERF,0.9279304379139955,"(np.float64(496.46207399987327), np.float64(25.725067118062736))",1.0000000000000024,6.000000000000023,-1.0
0.6,5,elastic-workbench-qr-detector,HIGH_PERF,0.844883941986101,"(np.float64(1503.7846417639194), np.float64(96.91479270869044))",6.429571331658644,100.0,-1.0
0.6,5,elastic-workbench-cv-analyzer,HIGH_PERF,0.7772823368655952,"(np.float64(21.687077781557694), np.float64(1.4862604496169505))",7.865808143408346,168.6190214608363,1.0
0.6,5,elastic-workbench-pc-visualizer,HIGH_PERF,0.9279304379139955,"(np.float64(496.46207399987327), np.float64(25.725067118062736))",1.0000000000000024,6.000000000000023,-1.0
0.6,1,elastic-workbench-qr-detector,LOW_COST,0.8770262621119037,"(np.float64(117.45633624129249), np.float64(70.7906070348789))",1.000000000000002,367.28777061052193,-1.0
0.6,1,elastic-workbench-cv-analyzer,LOW_COST,0.4168724927952611,"(np.float64(6.726262925032351), np.float64(3.481004574972413))",4.349552963915785,176.94411549470678,1.8406185163874516
0.6,1,elastic-workbench-pc-visualizer,LOW_COST,0.9193358872387978,"(np.float64(182.82068015607098), np.float64(19.407610298964705))",1.0,51.20951331315047,-1.0
0.6,2,elastic-workbench-qr-detector,LOW_COST,0.8770262621119037,"(np.float64(117.45633624129249), np.float64(70.7906070348789))",1.000000000000002,367.28777061052193,-1.0
0.6,2,elastic-workbench-cv-analyzer,LOW_COST,0.4168724927952611,"(np.float64(6.726262925032351), np.float64(3.481004574972413))",4.349552963915785,176.94411549470678,1.8406185163874516
0.6,2,elastic-workbench-pc-visualizer,LOW_COST,0.9193358872387978,"(np.float64(182.82068015607098), np.float64(19.407610298964705))",1.0,51.20951331315047,-1.0
0.6,3,elastic-workbench-qr-detector,LOW_COST,0.8770262621119037,"(np.float64(117.45633624129249), np.float64(70.7906070348789))",1.000000000000002,367.28777061052193,-1.0
0.6,3,elastic-workbench-cv-analyzer,LOW_COST,0.4168724927952611,"(np.float64(6.726262925032351), np.float64(3.481004574972413))",4.349552963915785,176.94411549470678,1.8406185163874516
0.6,3,elastic-workbench-pc-visualizer,LOW_COST,0.9193358872387978,"(np.float64(182.82068015607098), np.float64(19.407610298964705))",1.0,51.20951331315047,-1.0
0.6,4,elastic-workbench-qr-detector,LOW_COST,0.8770262621119037,"(np.float64(117.45633624129249), np.float64(70.7906070348789))",1.000000000000002,367.28777061052193,-1.0
0.6,4,elastic-workbench-cv-analyzer,LOW_COST,0.4168724927952611,"(np.float64(6.726262925032351), np.float64(3.481004574972413))",4.349552963915785,176.94411549470678,1.8406185163874516
0.6,4,elastic-workbench-pc-visualizer,LOW_COST,0.9193358872387978,"(np.float64(182.82068015607098), np.float64(19.407610298964705))",1.0,51.20951331315047,-1.0
0.6,5,elastic-workbench-qr-detector,LOW_COST,0.8770262621119037,"(np.float64(117.45633624129249), np.float64(70.7906070348789))",1.000000000000002,367.28777061052193,-1.0
0.6,5,elastic-workbench-cv-analyzer,LOW_COST,0.4168724927952611,"(np.float64(6.726262925032351), np.float64(3.481004574972413))",4.349552963915785,176.94411549470678,1.8406185163874516
0.6,5,elastic-workbench-pc-visualizer,LOW_COST,0.9193358872387978,"(np.float64(182.82068015607098), np.float64(19.407610298964705))",1.0,51.20951331315047,-1.0
0.6,1,elastic-workbench-qr-detector,HIGH_QUALITY,0.6506695310092662,"(np.float64(100.3869696651447), np.float64(60.41678166465197))",6.90001825535232,952.9011019692242,-1.0
0.6,1,elastic-workbench-cv-analyzer,HIGH_QUALITY,0.034892578125000004,"(np.float64(-4.136290437193875), np.float64(3.688111730206709))",1.0,320.0,3.9999999999999982
0.6,1,elastic-workbench-pc-visualizer,HIGH_QUALITY,0.7413459408188652,"(np.float64(176.4563180435196), np.float64(15.39903977413915))",2.203421198247601,54.568273395591774,-1.0
0.6,2,elastic-workbench-qr-detector,HIGH_QUALITY,0.6506695310092662,"(np.float64(100.3869696651447), np.float64(60.41678166465197))",6.90001825535232,952.9011019692242,-1.0
0.6,2,elastic-workbench-cv-analyzer,HIGH_QUALITY,0.034892578125000004,"(np.float64(-4.136290437193875), np.float64(3.688111730206709))",1.0,320.0,3.9999999999999982
0.6,2,elastic-workbench-pc-visualizer,HIGH_QUALITY,0.7413459408188652,"(np.float64(176.4563180435196), np.float64(15.39903977413915))",2.203421198247601,54.568273395591774,-1.0
0.6,3,elastic-workbench-qr-detector,HIGH_QUALITY,0.6506695310092662,"(np.float64(100.3869696651447), np.float64(60.41678166465197))",6.90001825535232,952.9011019692242,-1.0
0.6,3,elastic-workbench-cv-analyzer,HIGH_QUALITY,0.034892578125000004,"(np.float64(-4.136290437193875), np.float64(3.688111730206709))",1.0,320.0,3.9999999999999982
0.6,3,elastic-workbench-pc-visualizer,HIGH_QUALITY,0.7413459408188652,"(np.float64(176.4563180435196), np.float64(15.39903977413915))",2.203421198247601,54.568273395591774,-1.0
0.6,4,elastic-workbench-qr-detector,HIGH_QUALITY,0.6506695310092662,"(np.float64(100.3869696651447), np.float64(60.41678166465197))",6.90001825535232,952.9011019692242,-1.0
0.6,4,elastic-workbench-cv-analyzer,HIGH_QUALITY,0.034892578125000004,"(np.float64(-4.136290437193875), np.float64(3.688111730206709))",1.0,320.0,3.9999999999999982
0.6,4,elastic-workbench-pc-visualizer,HIGH_QUALITY,0.7413459408188652,"(np.float64(176.4563180435196), np.float64(15.39903977413915))",2.203421198247601,54.568273395591774,-1.0
0.6,5,elastic-workbench-qr-detector,HIGH_QUALITY,0.6506695310092662,"(np.float64(100.3869696651447), np.float64(60.41678166465197))",6.90001825535232,952.9011019692242,-1.0
0.6,5,elastic-workbench-cv-analyzer,HIGH_QUALITY,0.034892578125000004,"(np.float64(-4.136290437193875), np.float64(3.688111730206709))",1.0,320.0,3.9999999999999982
0.6,5,elastic-workbench-pc-visualizer,HIGH_QUALITY,0.7413459408188652,"(np.float64(176.4563180435196), np.float64(15.39903977413915))",2.203421198247601,54.568273395591774,-1.0
0.8,1,elastic-workbench-qr-detector,DEFAULT,0.44634734919158936,"(np.float64(1217.8338404720562), np.float64(100.59331889555247))",3.6101673736939084,100.0,-1.0
0.8,1,elastic-workbench-cv-analyzer,DEFAULT,0.4820153120365559,"(np.float64(3.652952972381729), np.float64(1.612711845778233))",3.5289949992141993,268.38198560643457,2.8710811932285565
0.8,1,elastic-workbench-pc-visualizer,DEFAULT,0.7229822482461862,"(np.float64(191.85475391798704), np.float64(12.290050627324279))",1.0,52.1345450359956,-1.0
0.8,2,elastic-workbench-qr-detector,DEFAULT,0.44634734919158936,"(np.float64(1217.8338404720562), np.float64(100.59331889555247))",3.6101673736939084,100.0,-1.0
0.8,2,elastic-workbench-cv-analyzer,DEFAULT,0.4820153120365559,"(np.float64(3.652952972381729), np.float64(1.612711845778233))",3.5289949992141993,268.38198560643457,2.8710811932285565
0.8,2,elastic-workbench-pc-visualizer,DEFAULT,0.7229822482461862,"(np.float64(191.85475391798704), np.float64(12.290050627324279))",1.0,52.1345450359956,-1.0
0.8,3,elastic-workbench-qr-detector,DEFAULT,0.44634734919158936,"(np.float64(1217.8338404720562), np.float64(100.59331889555247))",3.6101673736939084,100.0,-1.0
0.8,3,elastic-workbench-cv-analyzer,DEFAULT,0.4820153120365559,"(np.float64(3.652952972381729), np.float64(1.612711845778233))",3.5289949992141993,268.38198560643457,2.8710811932285565
0.8,3,elastic-workbench-pc-visualizer,DEFAULT,0.7229822482461862,"(np.float64(191.85475391798704), np.float64(12.290050627324279))",1.0,52.1345450359956,-1.0
0.8,4,elastic-workbench-qr-detector,DEFAULT,0.44634734919158936,"(np.float64(1217.8338404720562), np.float64(100.59331889555247))",3.6101673736939084,100.0,-1.0
0.8,4,elastic-workbench-cv-analyzer,DEFAULT,0.4820153120365559,"(np.float64(3.652952972381729), np.float64(1.612711845778233))",3.5289949992141993,268.38198560643457,2.8710811932285565
0.8,4,elastic-workbench-pc-visualizer,DEFAULT,0.7229822482461862,"(np.float64(191.85475391798704), np.float64(12.290050627324279))",1.0,52.1345450359956,-1.0
0.8,5,elastic-workbench-qr-detector,DEFAULT,0.44634734919158936,"(np.float64(1217.8338404720562), np.float64(100.59331889555247))",3.6101673736939084,100.0,-1.0
0.8,5,elastic-workbench-cv-analyzer,DEFAULT,0.4820153120365559,"(np.float64(3.652952972381729), np.float64(1.612711845778233))",3.5289949992141993,268.38198560643457,2.8710811932285565
0.8,5,elastic-workbench-pc-visualizer,DEFAULT,0.7229822482461862,"(np.float64(191.85475391798704), np.float64(12.290050627324279))",1.0,52.1345450359956,-1.0
0.8,1,elastic-workbench-qr-detector,HIGH_PERF,0.8574591879186511,"(np.float64(1526.0334761633917), np.float64(94.34242318655836))",6.252867654323704,100.0,-1.0
0.8,1,elastic-workbench-cv-analyzer,HIGH_PERF,0.7549783869356178,"(np.float64(21.154523322341145), np.float64(1.491217540300241))",7.87915317734527,165.32135207445623,1.0
0.8,1,elastic-workbench-pc-visualizer,HIGH_PERF,0.9373798425287925,"(np.float64(505.61937899631675), np.float64(24.04285560281151))",1.0,6.0,-1.0
0.8,2,elastic-workbench-qr-detector,HIGH_PERF,0.8574591879186511,"(np.float64(1526.0334761633917), np.float64(94.34242318655836))",6.252867654323704,100.0,-1.0
0.8,2,elastic-workbench-cv-analyzer,HIGH_PERF,0.7549783869356178,"(np.float64(21.154523322341145), np.float64(1.491217540300241))",7.87915317734527,165.32135207445623,1.0
0.8,2,elastic-workbench-pc-visualizer,HIGH_PERF,0.9373798425287925,"(np.float64(505.61937899631675), np.float64(24.04285560281151))",1.0,6.0,-1.0
0.8,3,elastic-workbench-qr-detector,HIGH_PERF,0.8574591879186511,"(np.float64(1526.0334761633917), np.float64(94.34242318655836))",6.252867654323704,100.0,-1.0
0.8,3,elastic-workbench-cv-analyzer,HIGH_PERF,0.7549783869356178,"(np.float64(21.154523322341145), np.float64(1.491217540300241))",7.87915317734527,165.32135207445623,1.0
0.8,3,elastic-workbench-pc-visualizer,HIGH_PERF,0.9373798425287925,"(np.float64(505.61937899631675), np.float64(24.04285560281151))",1.0,6.0,-1.0
0.8,4,elastic-workbench-qr-detector,HIGH_PERF,0.8574591879186511,"(np.float64(1526.0334761633917), np.float64(94.34242318655836))",6.252867654323704,100.0,-1.0
0.8,4,elastic-workbench-cv-analyzer,HIGH_PERF,0.7549783869356178,"(np.float64(21.154523322341145), np.float64(1.491217540300241))",7.87915317734527,165.32135207445623,1.0
0.8,4,elastic-workbench-pc-visualizer,HIGH_PERF,0.9373798425287925,"(np.float64(505.61937899631675), np.float64(24.04285560281151))",1.0,6.0,-1.0
0.8,5,elastic-workbench-qr-detector,HIGH_PERF,0.8574591879186511,"(np.float64(1526.0334761633917), np.float64(94.34242318655836))",6.252867654323704,100.0,-1.0
0.8,5,elastic-workbench-cv-analyzer,HIGH_PERF,0.7549783869356178,"(np.float64(21.154523322341145), np.float64(1.491217540300241))",7.87915317734527,165.32135207445623,1.0
0.8,5,elastic-workbench-pc-visualizer,HIGH_PERF,0.9373798425287925,"(np.float64(505.61937899631675), np.float64(24.04285560281151))",1.0,6.0,-1.0
0.8,1,elastic-workbench-qr-detector,LOW_COST,0.8785313460140378,"(np.float64(88.49184005842096), np.float64(53.170571375358264))",1.0000000003044307,388.16376688767565,-1.0
0.8,1,elastic-workbench-cv-analyzer,LOW_COST,0.5995862514346972,"(np.float64(3.7475894485327186), np.float64(1.6702420016068302))",3.348258449037962,229.37668209297232,2.8823464273298347
0.8,1,elastic-workbench-pc-visualizer,LOW_COST,0.9226071250881215,"(np.float64(191.61296311980968), np.float64(12.394052600078556))",1.0000000000000002,52.234572144876395,-1.0
0.8,2,elastic-workbench-qr-detector,LOW_COST,0.8785313460140378,"(np.float64(88.49184005842096), np.float64(53.170571375358264))",1.0000000003044307,388.16376688767565,-1.0
0.8,2,elastic-workbench-cv-analyzer,LOW_COST,0.5995862514346972,"(np.float64(3.7475894485327186), np.float64(1.6702420016068302))",3.348258449037962,229.37668209297232,2.8823464273298347
0.8,2,elastic-workbench-pc-visualizer,LOW_COST,0.9226071250881215,"(np.float64(191.61296311980968), np.float64(12.394052600078556))",1.0000000000000002,52.234572144876395,-1.0
0.8,3,elastic-workbench-qr-detector,LOW_COST,0.8785313460140378,"(np.float64(88.49184005842096), np.float64(53.170571375358264))",1.0000000003044307,388.16376688767565,-1.0
0.8,3,elastic-workbench-cv-analyzer,LOW_COST,0.5995862514346972,"(np.float64(3.7475894485327186), np.float64(1.6702420016068302))",3.348258449037962,229.37668209297232,2.8823464273298347
0.8,3,elastic-workbench-pc-visualizer,LOW_COST,0.9226071250881215,"(np.float64(191.61296311980968), np.float64(12.394052600078556))",1.0000000000000002,52.234572144876395,-1.0
0.8,4,elastic-workbench-qr-detector,LOW_COST,0.8785313460140378,"(np.float64(88.49184005842096), np.float64(53.170571375358264))",1.0000000003044307,388.16376688767565,-1.0
0.8,4,elastic-workbench-cv-analyzer,LOW_COST,0.5995862514346972,"(np.float64(3.7475894485327186), np.float64(1.6702420016068302))",3.348258449037962,229.37668209297232,2.8823464273298347
0.8,4,elastic-workbench-pc-visualizer,LOW_COST,0.9226071250881215,"(np.float64(191.61296311980968), np.float64(12.394052600078556))",1.0000000000000002,52.234572144876395,-1.0
0.8,5,elastic-workbench-qr-detector,LOW_COST,0.8785313460140378,"(np.float64(88.49184005842096), np.float64(53.170571375358264))",1.0000000003044307,388.16376688767565,-1.0
0.8,5,elastic-workbench-cv-analyzer,LOW_COST,0.5995862514346972,"(np.float64(3.7475894485327186), np.float64(1.6702420016068302))",3.348258449037962,229.37668209297232,2.8823464273298347
0.8,5,elastic-workbench-pc-visualizer,LOW_COST,0.9226071250881215,"(np.float64(191.61296311980968), np.float64(12.394052600078556))",1.0000000000000002,52.234572144876395,-1.0
0.8,1,elastic-workbench-qr-detector,HIGH_QUALITY,0.6528968412015771,"(np.float64(93.81640480612407), np.float64(56.418916122605566))",6.419332213768559,950.6598518779189,-1.0
0.8,1,elastic-workbench-cv-analyzer,HIGH_QUALITY,0.6631908688064188,"(np.float64(10.391554195241731), np.float64(1.4861914805871521))",4.978758893436506,259.6290072584694,3.1105232600305825
0.8,1,elastic-workbench-pc-visualizer,HIGH_QUALITY,0.7551607557531779,"(np.float64(182.82222532506034), np.float64(14.463589472035423))",1.250723725780854,54.899029505283565,-1.0
0.8,2,elastic-workbench-qr-detector,HIGH_QUALITY,0.6528968412015771,"(np.float64(93.81640480612407), np.float64(56.418916122605566))",6.419332213768559,950.6598518779189,-1.0
0.8,2,elastic-workbench-cv-analyzer,HIGH_QUALITY,0.6631908688064188,"(np.float64(10.391554195241731), np.float64(1.4861914805871521))",4.978758893436506,259.6290072584694,3.1105232600305825
0.8,2,elastic-workbench-pc-visualizer,HIGH_QUALITY,0.7551607557531779,"(np.float64(182.82222532506034), np.float64(14.463589472035423))",1.250723725780854,54.899029505283565,-1.0
0.8,3,elastic-workbench-qr-detector,HIGH_QUALITY,0.6528968412015771,"(np.float64(93.81640480612407), np.float64(56.418916122605566))",6.419332213768559,950.6598518779189,-1.0
0.8,3,elastic-workbench-cv-analyzer,HIGH_QUALITY,0.6631908688064188,"(np.float64(10.391554195241731), np.float64(1.4861914805871521))",4.978758893436506,259.6290072584694,3.1105232600305825
0.8,3,elastic-workbench-pc-visualizer,HIGH_QUALITY,0.7551607557531779,"(np.float64(182.82222532506034), np.float64(14.463589472035423))",1.250723725780854,54.899029505283565,-1.0
0.8,4,elastic-workbench-qr-detector,HIGH_QUALITY,0.6528968412015771,"(np.float64(93.81640480612407), np.float64(56.418916122605566))",6.419332213768559,950.6598518779189,-1.0
0.8,4,elastic-workbench-cv-analyzer,HIGH_QUALITY,0.6631908688064188,"(np.float64(10.391554195241731), np.float64(1.4861914805871521))",4.978758893436506,259.6290072584694,3.1105232600305825
0.8,4,elastic-workbench-pc-visualizer,HIGH_QUALITY,0.7551607557531779,"(np.float64(182.82222532506034), np.float64(14.463589472035423))",1.250723725780854,54.899029505283565,-1.0
0.8,5,elastic-workbench-qr-detector,HIGH_QUALITY,0.6528968412015771,"(np.float64(93.81640480612407), np.float64(56.418916122605566))",6.419332213768559,950.6598518779189,-1.0
0.8,5,elastic-workbench-cv-analyzer,HIGH_QUALITY,0.6631908688064188,"(np.float64(10.391554195241731), np.float64(1.4861914805871521))",4.978758893436506,259.6290072584694,3.1105232600305825
0.8,5,elastic-workbench-pc-visualizer,HIGH_QUALITY,0.7551607557531779,"(np.float64(182.82222532506034), np.float64(14.463589472035423))",1.250723725780854,54.899029505283565,-1.0
1.0,1,elastic-workbench-qr-detector,DEFAULT,0.46244728039352334,"(np.float64(64.62792202273693), np.float64(38.67848965482429))",2.4642190712202807,576.5006544359248,-1.0
1.0,1,elastic-workbench-cv-analyzer,DEFAULT,0.5507387515197208,"(np.float64(2.089935756660182), np.float64(0.6625593654192866))",2.726263189080658,277.9746880910909,3.2795181100987363
1.0,1,elastic-workbench-pc-visualizer,DEFAULT,0.726188468616524,"(np.float64(191.5134944186787), np.float64(9.674173035065714))",1.0000000000000004,52.013603102641426,-1.0
1.0,2,elastic-workbench-qr-detector,DEFAULT,0.46244728039352334,"(np.float64(64.62792202273693), np.float64(38.67848965482429))",2.4642190712202807,576.5006544359248,-1.0
1.0,2,elastic-workbench-cv-analyzer,DEFAULT,0.5507387515197208,"(np.float64(2.089935756660182), np.float64(0.6625593654192866))",2.726263189080658,277.9746880910909,3.2795181100987363
1.0,2,elastic-workbench-pc-visualizer,DEFAULT,0.726188468616524,"(np.float64(191.5134944186787), np.float64(9.674173035065714))",1.0000000000000004,52.013603102641426,-1.0
1.0,3,elastic-workbench-qr-detector,DEFAULT,0.46244728039352334,"(np.float64(64.62792202273693), np.float64(38.67848965482429))",2.4642190712202807,576.5006544359248,-1.0
1.0,3,elastic-workbench-cv-analyzer,DEFAULT,0.5507387515197208,"(np.float64(2.089935756660182), np.float64(0.6625593654192866))",2.726263189080658,277.9746880910909,3.2795181100987363
1.0,3,elastic-workbench-pc-visualizer,DEFAULT,0.726188468616524,"(np.float64(191.5134944186787), np.float64(9.674173035065714))",1.0000000000000004,52.013603102641426,-1.0
1.0,4,elastic-workbench-qr-detector,DEFAULT,0.46244728039352334,"(np.float64(64.62792202273693), np.float64(38.67848965482429))",2.4642190712202807,576.5006544359248,-1.0
1.0,4,elastic-workbench-cv-analyzer,DEFAULT,0.5507387515197208,"(np.float64(2.089935756660182), np.float64(0.6625593654192866))",2.726263189080658,277.9746880910909,3.2795181100987363
1.0,4,elastic-workbench-pc-visualizer,DEFAULT,0.726188468616524,"(np.float64(191.5134944186787), np.float64(9.674173035065714))",1.0000000000000004,52.013603102641426,-1.0
1.0,5,elastic-workbench-qr-detector,DEFAULT,0.46244728039352334,"(np.float64(64.62792202273693), np.float64(38.67848965482429))",2.4642190712202807,576.5006544359248,-1.0
1.0,5,elastic-workbench-cv-analyzer,DEFAULT,0.5507387515197208,"(np.float64(2.089935756660182), np.float64(0.6625593654192866))",2.726263189080658,277.9746880910909,3.2795181100987363
1.0,5,elastic-workbench-pc-visualizer,DEFAULT,0.726188468616524,"(np.float64(191.5134944186787), np.float64(9.674173035065714))",1.0000000000000004,52.013603102641426,-1.0
1.0,1,elastic-workbench-qr-detector,HIGH_PERF,0.7677673247950318,"(np.float64(1634.304562855596), np.float64(74.66817637915764))",7.266644135481693,100.0,-1.0
1.0,1,elastic-workbench-cv-analyzer,HIGH_PERF,0.7088027664248651,"(np.float64(20.111806331316906), np.float64(1.467319338516708))",8.0,142.7242968855591,1.0
1.0,1,elastic-workbench-pc-visualizer,HIGH_PERF,0.9470369199354776,"(np.float64(519.0249955393635), np.float64(20.355602698614124))",1.0000000000000007,6.0,-1.0
1.0,2,elastic-workbench-qr-detector,HIGH_PERF,0.7677673247950318,"(np.float64(1634.304562855596), np.float64(74.66817637915764))",7.266644135481693,100.0,-1.0
1.0,2,elastic-workbench-cv-analyzer,HIGH_PERF,0.7088027664248651,"(np.float64(20.111806331316906), np.float64(1.467319338516708))",8.0,142.7242968855591,1.0
1.0,2,elastic-workbench-pc-visualizer,HIGH_PERF,0.9470369199354776,"(np.float64(519.0249955393635), np.float64(20.355602698614124))",1.0000000000000007,6.0,-1.0
1.0,3,elastic-workbench-qr-detector,HIGH_PERF,0.7677673247950318,"(np.float64(1634.304562855596), np.float64(74.66817637915764))",7.266644135481693,100.0,-1.0
1.0,3,elastic-workbench-cv-analyzer,HIGH_PERF,0.7088027664248651,"(np.float64(20.111806331316906), np.float64(1.467319338516708))",8.0,142.7242968855591,1.0
1.0,3,elastic-workbench-pc-visualizer,HIGH_PERF,0.9470369199354776,"(np.float64(519.0249955393635), np.float64(20.355602698614124))",1.0000000000000007,6.0,-1.0
1.0,4,elastic-workbench-qr-detector,HIGH_PERF,0.7677673247950318,"(np.float64(1634.304562855596), np.float64(74.66817637915764))",7.266644135481693,100.0,-1.0
1.0,4,elastic-workbench-cv-analyzer,HIGH_PERF,0.7088027664248651,"(np.float64(20.111806331316906), np.float64(1.467319338516708))",8.0,142.7242968855591,1.0
1.0,4,elastic-workbench-pc-visualizer,HIGH_PERF,0.9470369199354776,"(np.float64(519.0249955393635), np.float64(20.355602698614124))",1.0000000000000007,6.0,-1.0
1.0,5,elastic-workbench-qr-detector,HIGH_PERF,0.7677673247950318,"(np.float64(1634.304562855596), np.float64(74.66817637915764))",7.266644135481693,100.0,-1.0
1.0,5,elastic-workbench-cv-analyzer,HIGH_PERF,0.7088027664248651,"(np.float64(20.111806331316906), np.float64(1.467319338516708))",8.0,142.7242968855591,1.0
1.0,5,elastic-workbench-pc-visualizer,HIGH_PERF,0.9470369199354776,"(np.float64(519.0249955393635), np.float64(20.355602698614124))",1.0000000000000007,6.0,-1.0
1.0,1,elastic-workbench-qr-detector,LOW_COST,0.87839683169047,"(np.float64(80.94869118449651), np.float64(48.57515913903137))",1.0,386.3154100532614,-1.0
1.0,1,elastic-workbench-cv-analyzer,LOW_COST,0.8035082762403173,"(np.float64(2.1787277984803683), np.float64(0.7165493880607405))",1.9321135714849362,142.6249426025447,3.891310531402242
1.0,1,elastic-workbench-pc-visualizer,LOW_COST,0.9230766338009658,"(np.float64(191.19085444419923), np.float64(9.73628188918431))",1.0000000000000009,52.1163155002309,-1.0
1.0,2,elastic-workbench-qr-detector,LOW_COST,0.87839683169047,"(np.float64(80.94869118449651), np.float64(48.57515913903137))",1.0,386.3154100532614,-1.0
1.0,2,elastic-workbench-cv-analyzer,LOW_COST,0.8035082762403173,"(np.float64(2.1787277984803683), np.float64(0.7165493880607405))",1.9321135714849362,142.6249426025447,3.891310531402242
1.0,2,elastic-workbench-pc-visualizer,LOW_COST,0.9230766338009658,"(np.float64(191.19085444419923), np.float64(9.73628188918431))",1.0000000000000009,52.1163155002309,-1.0
1.0,3,elastic-workbench-qr-detector,LOW_COST,0.87839683169047,"(np.float64(80.94869118449651), np.float64(48.57515913903137))",1.0,386.3154100532614,-1.0
1.0,3,elastic-workbench-cv-analyzer,LOW_COST,0.8035082762403173,"(np.float64(2.1787277984803683), np.float64(0.7165493880607405))",1.9321135714849362,142.6249426025447,3.891310531402242
1.0,3,elastic-workbench-pc-visualizer,LOW_COST,0.9230766338009658,"(np.float64(191.19085444419923), np.float64(9.73628188918431))",1.0000000000000009,52.1163155002309,-1.0
1.0,4,elastic-workbench-qr-detector,LOW_COST,0.87839683169047,"(np.float64(80.94869118449651), np.float64(48.57515913903137))",1.0,386.3154100532614,-1.0
1.0,4,elastic-workbench-cv-analyzer,LOW_COST,0.8035082762403173,"(np.float64(2.1787277984803683), np.float64(0.7165493880607405))",1.9321135714849362,142.6249426025447,3.891310531402242
1.0,4,elastic-workbench-pc-visualizer,LOW_COST,0.9230766338009658,"(np.float64(191.19085444419923), np.float64(9.73628188918431))",1.0000000000000009,52.1163155002309,-1.0
1.0,5,elastic-workbench-qr-detector,LOW_COST,0.87839683169047,"(np.float64(80.94869118449651), np.float64(48.57515913903137))",1.0,386.3154100532614,-1.0
1.0,5,elastic-workbench-cv-analyzer,LOW_COST,0.8035082762403173,"(np.float64(2.1787277984803683), np.float64(0.7165493880607405))",1.9321135714849362,142.6249426025447,3.891310531402242
1.0,5,elastic-workbench-pc-visualizer,LOW_COST,0.9230766338009658,"(np.float64(191.19085444419923), np.float64(9.73628188918431))",1.0000000000000009,52.1163155002309,-1.0
1.0,1,elastic-workbench-qr-detector,HIGH_QUALITY,0.6501936679492999,"(np.float64(116.8191050527929), np.float64(51.96724120688193))",8.0,980.4781415520513,-1.0
1.0,1,elastic-workbench-cv-analyzer,HIGH_QUALITY,0.661535734203355,"(np.float64(2.320325247706707), np.float64(0.8024862654632615))",3.407036017190527,284.2593226267794,3.6009254856675876
1.0,1,elastic-workbench-pc-visualizer,HIGH_QUALITY,0.7572647466787358,"(np.float64(180.7686119598373), np.float64(11.788153706566217))",1.0765538569782787,54.79172506507644,-1.0
1.0,2,elastic-workbench-qr-detector,HIGH_QUALITY,0.6501936679492999,"(np.float64(116.8191050527929), np.float64(51.96724120688193))",8.0,980.4781415520513,-1.0
1.0,2,elastic-workbench-cv-analyzer,HIGH_QUALITY,0.661535734203355,"(np.float64(2.320325247706707), np.float64(0.8024862654632615))",3.407036017190527,284.2593226267794,3.6009254856675876
1.0,2,elastic-workbench-pc-visualizer,HIGH_QUALITY,0.7572647466787358,"(np.float64(180.7686119598373), np.float64(11.788153706566217))",1.0765538569782787,54.79172506507644,-1.0
1.0,3,elastic-workbench-qr-detector,HIGH_QUALITY,0.6501936679492999,"(np.float64(116.8191050527929), np.float64(51.96724120688193))",8.0,980.4781415520513,-1.0
1.0,3,elastic-workbench-cv-analyzer,HIGH_QUALITY,0.661535734203355,"(np.float64(2.320325247706707), np.float64(0.8024862654632615))",3.407036017190527,284.2593226267794,3.6009254856675876
1.0,3,elastic-workbench-pc-visualizer,HIGH_QUALITY,0.7572647466787358,"(np.float64(180.7686119598373), np.float64(11.788153706566217))",1.0765538569782787,54.79172506507644,-1.0
1.0,4,elastic-workbench-qr-detector,HIGH_QUALITY,0.6501936679492999,"(np.float64(116.8191050527929), np.float64(51.96724120688193))",8.0,980.4781415520513,-1.0
1.0,4,elastic-workbench-cv-analyzer,HIGH_QUALITY,0.661535734203355,"(np.float64(2.320325247706707), np.float64(0.8024862654632615))",3.407036017190527,284.2593226267794,3.6009254856675876
1.0,4,elastic-workbench-pc-visualizer,HIGH_QUALITY,0.7572647466787358,"(np.float64(180.7686119598373), np.float64(11.788153706566217))",1.0765538569782787,54.79172506507644,-1.0
1.0,5,elastic-workbench-qr-detector,HIGH_QUALITY,0.6501936679492999,"(np.float64(116.8191050527929), np.float64(51.96724120688193))",8.0,980.4781415520513,-1.0
1.0,5,elastic-workbench-cv-analyzer,HIGH_QUALITY,0.661535734203355,"(np.float64(2.320325247706707), np.float64(0.8024862654632615))",3.407036017190527,284.2593226267794,3.6009254856675876
1.0,5,elastic-workbench-pc-visualizer,HIGH_QUALITY,0.7572647466787358,"(np.float64(180.7686119598373), np.float64(11.788153706566217))",1.0765538569782787,54.79172506507644,-1.0
